Species,Common_Name,GP,BM,AFM,MR,RDM,TSP,PC,FWA,FAM,MAM,NB,SDT,GL,SPI,NAC,GIM,GFE,MMC,BG,MGS,DHE,DCA,DPMI,DIN,DFR,DGR,DCE,DMOC,IUCN,SOG,Modifiers,FSSB,MSSB,SSB,Column Name Key,Mating Group Structures Key
Acinonyx_jubatus,Cheetah,3.1,0.275,43.0000,0.006395348837,N,N,4.0,3.6,30.0,18.0,Y,Y,N,N,N,N,N,N,N,SO,N,Y,N,N,N,N,N,N,VU,Y,OG,1,1,1,GP = Gestation Period (m),SOL = Solitary
Acomys_cahirinus,Northeast African Spiny Mouse,1.3,0.00549,0.0400,0.13725,N,N,2.4,0.5,1.9,2.0,Y,N,Y,N,Y,Y,Y,N,N,FEG,Y,N,N,Y,N,Y,N,N,LC,,,0,0,0,BM = Birth Mass (kg),MOP = Monogamous Pairs
Aepyceros_melampus,Impala,6.7,5.25,45.0000,0.1166666667,Y,Y,1.0,6.0,15.9,17.0,Y,Y,Y,N,N,Y,N,N,Y,HBG,Y,N,N,N,N,N,N,N,LC,,SS,0,0,0,AFM = Adult Female Mass (kg),HAR = Harems
Ailuropoda_melanoleuca,Giant Panda,4.3,0.14,85.0000,0.001647058824,N,N,1.6,6.0,78.4,73.1,N,N,N,N,N,N,N,N,N,SO,Y,N,N,N,N,N,N,Y,VU,N,,0,0,0,MR = Birth Mass to Maternal Mass Ratio,HBG = Harems with Bachelor Groups
Ailurus_fulgens,Red Panda,4.4,0.12,4.5000,0.02666666667,N,N,1.9,4.6,19.1,18.3,N,N,N,N,Y,N,N,N,N,SO,Y,N,N,Y,Y,N,N,Y,VU,Y,OG,0,0,0,RDM = Radically Dimorphic Morphology?,MMG = Multimale-Multifemale Groups
Alces_alces,Moose (Eurasian Elk),7.8,13,270.0000,0.04814814815,Y,Y,1.3,4.5,16.5,16.5,N,N,N,N,N,N,N,N,N,SO,Y,N,N,N,N,N,N,N,LC,Y,OG,1,1,1,TSP = Typically Single Progeny?,MBG = Multimale-Multifemale with Bachelor Groups
Alopex_lagopus,Arctic Fox,1.8,0.0825,3.4150,0.02415812592,N,N,4.8,1.7,10.1,10.1,N,Y,N,Y,Y,N,N,N,N,MOP,N,Y,N,N,N,N,N,N,LC,Y,OG,0,0,0,PC = Progeny Count,FEG = Female Exclusive Groups
Alouatta_caraya,Black Howler,6.0,0.2606,5.0500,0.0516039604,Y,Y,1.0,10.5,38.5,30.9,Y,Y,Y,Y,Y,Y,N,Y,N,MMG,Y,N,N,N,Y,Y,N,N,NT,,SH,0,0,0,FWA = Fully Weaned Age (m),SSG = Segrated Sex Groups
Alouatta_palliata,Mantled Howler,6.2,0.31829,5.2500,0.06062666667,N,Y,1.0,15.5,38.0,42.6,Y,Y,Y,Y,Y,Y,N,Y,N,MMG,Y,N,N,N,Y,N,N,N,VU,,SH,0,0,0,FAM = Female Age of Maturity (m),HVG = Highly Variable Group Structure
Alouatta_pigra,Guatemalan Black Howler,6.2,0.48,5.8000,0.08275862069,N,Y,1.0,20.0,,,Y,Y,Y,Y,Y,Y,N,Y,N,MMG,Y,N,N,N,Y,N,N,N,EN,,SH,0,0,0,MAM = Male age of Maturity (m),
Alouatta_seniculus,Venezuelan Red Howler,6.3,0.29342,5.5000,0.05334909091,Y,Y,1.4,12.3,49.0,56.3,Y,Y,Y,N,Y,Y,N,Y,Y,MBG,Y,N,N,N,Y,N,N,N,LC,,"SH, SS",0,0,0,NB = Nonseasonal Breeding?,
Antechinus_stuartii,Brown Antechinus,0.9,0.00001,0.0280,0.0003571428571,Y,N,6.9,3.0,9.8,9.5,N,N,Y,N,N,Y,N,Y,N,MMG,N,N,N,Y,N,N,N,N,LC,,"AS, SS",1,1,1,SDT = Some Degree of Territoriality?,
Antidorcas_marsupialis,Cape Springbok,6.7,3.84148,26.5000,0.1449615094,Y,Y,1.0,3.0,12.0,18.8,N,Y,Y,N,N,Y,Y,N,Y,SSG,Y,N,N,N,N,N,N,N,LC,,SS,0,0,0,GL = Group Living (Beyond families)?,
Antilocapra_americana,Pronghorn,8.2,3.5,45.0000,0.07777777778,Y,N,1.9,2.9,16.0,18.2,N,N,Y,N,N,Y,N,Y,Y,MBG,Y,N,N,N,N,N,N,N,LC,,,1,1,1,SPI = Strong Paternal Involvement?,
Antilope_cervicapra,Blackbuck,5.3,3.38614,30.0000,0.1128713333,Y,Y,1.0,2.0,15.5,18.0,Y,Y,Y,N,Y,Y,N,N,Y,HBG,Y,N,N,N,N,N,N,N,LC,,SS,1,1,1,NAC = Notable Alloparental Care (Beyond Alerts)?,
Antrozous_pallidus,Pallid Bat,2.0,0.00309,0.0215,0.1437209302,N,N,1.8,1.7,12.2,12.2,N,N,Y,N,N,Y,N,Y,N,MMG,N,N,N,Y,N,N,N,Y,LC,,"MC, AS, DI",0,0,0,GIM = Grouped in mating?,
Aonyx_capensis,African Clawless Otter,2.1,1.0500,13.5000,0.07777777778,N,N,2.6,1.8,12.3,12.2,Y,Y,N,N,N,N,N,N,N,SO,N,N,Y,N,N,N,N,Y,NT,Y,OG,0,0,0,GFE = Generally Female Exclusive Groups?,
Aotus_trivirgatus,Three-striped Night Monkey,4.4,0.09649,0.7360,0.1311005435,N,Y,1.1,2.5,27.4,24.3,Y,N,N,Y,N,N,N,N,N,MOP,Y,N,N,N,Y,Y,N,Y,LC,N,,0,0,0,MMC = Multimale Coed Groups?,
Apodemus_agrarius,Striped Field Mouse,0.7,0.0018,0.0270,0.06666666667,N,N,5.6,0.9,2.5,2.4,N,N,N,N,N,N,N,N,N,SO,Y,N,N,Y,Y,Y,N,N,LC,Y,OG,0,0,0,BG = Bachelor Groups?,
Apodemus_flavicollis,Yellow-necked Field Mouse,0.8,0.0023,0.0390,0.05897435897,N,N,5.2,0.7,1.7,1.7,N,N,N,N,N,N,N,N,N,SO,N,N,N,Y,N,Y,N,N,LC,Y,OG,0,0,0,MGS = Mating Group Structure,
Apodemus_sylvaticus,Long-tailed Field Mouse,0.7,0.0015,0.0220,0.06818181818,N,N,4.8,0.6,2.4,2.2,Y,N,Y,N,Y,Y,N,Y,N,MMG,Y,N,N,Y,Y,Y,N,N,LC,,,0,0,0,DHE = Diet: Herbivorous?,
Arctocephalus_australis,South American Fur Seal,8.2,4.44971,45.0000,0.09888244444,Y,Y,1.0,16.0,48.0,85.1,N,N,N,N,N,Y,N,Y,N,MMG,N,N,Y,N,N,N,N,N,LC,N,"DI, MA, AS",0,0,0,DCA = Diet: Carnivorous?,
Arctocephalus_forsteri,Australasian Fur Seal,8.1,3.7,40.0000,0.0925,Y,Y,1.0,10.0,48.6,85.2,N,N,N,N,N,Y,N,Y,N,MMG,N,Y,Y,N,N,N,N,N,LC,Y,"DI, MA, AS, OG",0,0,0,DPMI = Diet: Piscivorous/Marine Inverts?,
Arctocephalus_gazella,Antarctic Fur Seal,8.5,5.79463,40.0000,0.14486575,Y,Y,1.0,4.0,36.5,85.2,N,N,N,N,N,Y,N,Y,Y,MBG,N,Y,Y,N,N,N,N,N,LC,Y,"DI, MA, AS, OG",0,0,0,DIN = Diet: Insectivorous?,
Arctocephalus_pusillus,Brown Fur Seal,8.9,5.75,57.0000,0.100877193,Y,Y,1.0,11.0,54.0,126.0,N,N,Y,N,N,Y,N,Y,N,MMG,N,Y,N,N,N,N,N,N,LC,,"DI, AS, SS",0,0,0,DFR = Diet: Frugivorous?,
Arctocephalus_tropicalis,Subantarctic Fur Seal,8.1,4.34741,50.0000,0.0869482,Y,Y,1.0,10.5,60.0,51.3,N,N,N,N,N,Y,N,N,N,HAR,N,N,Y,N,N,N,N,Y,LC,Y,"DI, MA, AS, OG",0,0,0,DGR = Diet: Granivorous?,
Ateles_belzebuth,White-fronted Spider Monkey,7.5,,7.9000,,N,Y,1.0,,48.7,60.9,Y,Y,Y,N,N,Y,N,Y,N,MMG,Y,N,N,N,Y,Y,N,N,EN,,SS,0,0,0,DCE = Diet: Carrion Eater?,
Ateles_geoffroyi,Geoffroy's Spider Monkey,7.6,0.42585,7.7000,0.05530519481,N,Y,1.0,25.0,78.0,60.9,Y,Y,Y,N,N,Y,N,Y,N,MMG,Y,N,N,N,Y,Y,N,N,EN,,,0,1,1,DMOC = Diet: Minorly Opportunist Carnivore?,
Ateles_paniscus,Red-faced Spider Monkey,7.6,0.47864,8.4000,0.05698095238,N,Y,1.0,26.8,55.5,42.7,Y,Y,Y,N,N,Y,N,Y,N,MMG,Y,N,N,N,Y,Y,N,N,VU,,,0,0,0,IUCN = IUCN Designation,
Balaena_mysticetus,Bowhead,13.5,900.0000,80000.0000,0.01125,N,Y,1.0,11.7,213.1,273.7,N,N,N,N,N,N,N,N,N,SO,N,N,Y,N,N,N,N,N,LC,Y,"OG, SMG",1,1,1,SOG = Solitary: Occasional Groupings?,
Balaenoptera_acutorostrata,Common Minke Whale,10.1,350,2400.0000,0.1458333333,N,Y,1.0,4.5,72.0,84.0,Y,N,N,N,N,N,N,N,N,SO,N,N,Y,N,N,N,N,N,LC,Y,OG,0,0,0,FSSB = Female Same-sex Sexual Behavior,
Balaenoptera_borealis,Sei Whale,10.5,780,30000.0000,0.026,N,Y,1.0,7.0,108.0,108.0,N,N,N,N,N,N,N,N,N,SO,N,N,Y,N,N,N,N,N,EN,Y,OG,0,0,0,MSSB = Male Same-sex Sexual Behavior,
Balaenoptera_edeni,Bryde's Whale,11.5,900,15800.0000,0.05696202532,N,Y,1.0,6.0,82.0,82.0,N,N,N,N,N,N,N,N,N,SO,N,N,Y,N,N,N,N,N,LC,Y,"OG, SMG",0,0,0,SSB = Same-sex Sexual Behavior,
Balaenoptera_musculus,Blue Whale,10.9,2500,133000.0000,0.01879699248,N,Y,1.0,6.6,108.0,108.0,N,N,N,N,N,N,N,N,N,SO,N,N,Y,N,N,N,N,N,EN,Y,"OG, SMG",0,0,0,,
Balaenoptera_physalus,Fin Whale,11.3,1250,78000.0000,0.01602564103,N,Y,1.0,6.6,75.0,54.0,N,N,N,N,N,N,N,N,N,SO,N,N,Y,N,N,N,N,N,VU,Y,"OG, SMG",0,0,1,,
Barbastella_barbastellus,Western Barbastelle,8.5,0.0021,0.0100,0.21,N,N,1.7,1.4,12.0,,N,N,Y,N,N,Y,N,Y,N,MMG,N,N,N,Y,N,N,N,N,NT,,"MC, AS",0,1,1,,
Bison_bison,American Bison,9.5,20,452.0000,0.04424778761,Y,Y,1.0,12.0,30.4,27.4,N,N,Y,N,Y,Y,N,Y,Y,MBG,Y,N,N,N,N,N,N,N,NT,,SS,1,1,1,,
Bison_bonasus,European Bison,8.9,26,540.0000,0.04814814815,Y,Y,1.0,9.4,32.0,36.0,N,N,Y,N,Y,Y,N,N,Y,HBG,Y,N,N,N,N,N,N,N,NT,,SS,1,1,1,,
Blarina_brevicauda,Northern Short-tailed Shrew,0.7,0.00089,0.0205,0.04341463415,N,N,4.5,0.8,1.7,1.7,N,Y,N,N,N,N,N,N,N,SO,N,N,N,Y,N,N,N,Y,LC,N,,0,0,0,,
Bos_gaurus,Gaur,9.2,23,600.0000,0.03833333333,Y,N,1.0,8.0,24.0,26.0,Y,N,Y,N,Y,Y,N,Y,Y,MBG,Y,N,N,N,N,N,N,N,VU,,SS,0,0,0,,
Brachyteles_arachnoides,Southern Muriqui,7.2,0.315,8.5000,0.03705882353,N,Y,1.0,24.0,84.0,84.0,N,N,Y,N,N,Y,N,Y,N,MMG,Y,N,N,N,Y,N,N,N,CR,,,0,0,0,,
Callicebus_moloch,Red-bellied Titi,5.5,0.0744,0.8600,0.08651162791,N,Y,1.0,2.8,36.5,42.1,N,Y,N,Y,N,N,N,N,N,MOP,Y,N,N,Y,Y,Y,N,Y,LC,N,,0,0,0,,
Callimico_goeldii,Goeldi's Marmoset,5.1,0.0555,0.3550,0.1563380282,N,Y,1.1,3.5,13.0,13.2,N,N,Y,Y,Y,Y,N,Y,N,MMG,Y,N,N,Y,Y,Y,N,Y,VU,,,0,0,0,,
Callithrix_jacchus,Common Marmoset,4.8,0.02774,0.3220,0.08614906832,N,N,2.3,2.0,14.5,11.5,Y,N,Y,Y,Y,Y,N,Y,N,MMG,N,N,N,Y,Y,Y,N,Y,LC,,,0,1,1,,
Callorhinus_ursinus,Northern Fur Seal,8.5,5.3548,50.0000,0.107096,Y,Y,1.0,3.6,48.7,48.0,N,N,N,N,N,Y,N,Y,Y,MBG,N,N,Y,N,N,N,N,N,VU,N,"MA, AS.",1,1,1,,
Canis_latrans,Coyote,2.1,0.257,11.1000,0.02315315315,N,N,5.7,1.6,10.4,9.1,N,Y,Y,Y,Y,Y,N,Y,N,MMG,N,Y,N,N,Y,N,Y,N,LC,,SS,0,0,0,,
Canis_mesomelas,Black-backed Jackal,2.1,0.1772,8.0000,0.02215,N,N,3.9,2.1,10.3,8.4,N,Y,N,Y,Y,N,N,N,N,MOP,N,Y,N,N,N,N,Y,N,LC,N,,0,0,0,,
Canis_simensis,Ethiopian Wolf,2.1,0.2,12.7000,0.0157480315,N,N,4.0,2.3,24.8,24.8,N,Y,Y,Y,Y,Y,N,Y,N,MMG,N,Y,N,N,N,N,N,N,EN,,SS,0,0,0,,
Capra_aegagrus,Wild Goat,5.1,2.9,40.0000,0.0725,Y,N,1.6,,30.0,24.0,N,N,Y,N,N,Y,Y,Y,Y,VGS,Y,N,N,N,N,N,N,N,NT,,,0,1,1,,
Capra_ibex,Alpine Ibex,5.7,2.78,45.0000,0.06177777778,Y,Y,1.1,6.0,18.0,18.0,N,N,Y,N,N,Y,Y,Y,Y,VGS,Y,N,N,N,N,N,N,N,LC,,,0,1,1,,
Capra_pyrenaica,Iberian Ibex,6.0,,36.0000,,Y,N,1.5,,30.0,,N,N,Y,N,N,Y,Y,Y,Y,VGS,Y,N,N,N,N,N,N,N,LC,,,0,1,1,,
Capreolus_capreolus,European Roe,5.0,1.6,23.0000,0.06956521739,Y,N,1.8,2.8,13.8,13.8,N,Y,N,N,N,N,N,N,N,SO,Y,N,N,N,Y,Y,N,N,LC,Y,"DI, OG",0,1,1,,
Caracal_caracal,Caracal,2.4,0.225,11.0000,0.02045454545,N,N,2.7,4.0,13.5,13.5,Y,N,N,N,N,N,N,N,N,SO,N,Y,N,N,N,N,N,N,LC,N,,0,0,0,,
Carollia_perspicillata,Seba's Short-tailed Bat,3.5,0.00489,0.0200,0.2445,N,Y,1.0,1.2,8.6,8.6,N,Y,Y,N,N,Y,N,N,Y,HBG,N,N,N,Y,Y,N,N,N,LC,,,0,0,0,,
Castor_canadensis,American Beaver,3.5,0.41517,17.5000,0.023724,N,N,3.6,1.7,21.6,21.3,N,Y,N,N,N,N,N,N,N,SO,Y,N,N,N,N,N,N,N,LC,N,,0,0,0,,
Castor_fiber,Eurasian Beaver,3.5,0.55027,17.5000,0.031444,N,N,3.0,2.0,33.1,34.5,N,Y,N,Y,N,N,N,N,N,MOP,Y,N,N,N,N,N,N,N,LC,N,,0,0,0,,
Cavia_aperea,Brazilian Guinea Pig,2.0,0.06,0.6000,0.1,N,N,2.3,0.7,2.0,3.0,Y,Y,N,N,N,N,N,N,N,SO,Y,N,N,N,N,Y,N,N,LC,N,,1,1,1,,
Cebuella_pygmaea,Pygmy Marmoset,4.7,0.0145,0.1100,0.1318181818,N,N,1.9,3.0,16.0,16.0,Y,Y,Y,Y,Y,Y,N,N,N,HAR,N,N,N,Y,N,Y,N,Y,VU,,,0,0,0,,
Cebus_albifrons,White-fronted Capuchin,5.7,0.23192,2.3000,0.1008347826,N,Y,1.0,9.0,46.3,43.7,Y,Y,Y,Y,Y,Y,N,Y,N,MMG,Y,N,N,Y,Y,Y,N,Y,LC,,,0,1,1,,
Sapajus_apella,Tufted Capuchin,5.2,0.21,2.3500,0.08936170213,Y,Y,1.1,13.9,57.6,78.0,N,N,Y,Y,Y,Y,N,N,N,HAR,Y,N,N,Y,Y,Y,N,Y,LC,,,1,1,1,,
Cebus_capucinus,White-headed Capuchin,5.4,0.23836,2.2500,0.1059377778,N,Y,1.0,17.1,50.2,97.4,Y,Y,Y,Y,Y,Y,N,Y,N,MMG,Y,N,Y,Y,Y,N,N,Y,VU,,,1,1,1,,
Cebus_olivaceus,Weeper Capuchin,5.1,,2.6500,,N,Y,1.0,18.0,76.0,88.0,Y,Y,Y,Y,Y,Y,N,Y,N,MMG,Y,Y,N,Y,Y,Y,N,N,LC,,,1,1,1,,
Cephalorhynchus_hectori,Hector's Dolphin,10.6,,50.0000,,N,Y,1.0,11.9,93.3,84.0,N,N,Y,N,Y,Y,N,Y,Y,MBG,N,N,Y,N,N,N,N,N,EN,,,0,0,0,,
Ceratotherium_simum,White Rhinoceros,16.5,49.75,2300.0000,0.02163043478,N,Y,1.0,19.0,67.5,54.8,Y,Y,Y,N,Y,Y,Y,N,Y,SSG,Y,N,N,N,N,N,N,N,NT,,SS,0,0,0,,
Cercocebus_torquatus,Collared Mangabey,5.6,0.4,6.3000,0.06349206349,Y,Y,1.0,7.0,38.2,44.0,Y,N,Y,N,Y,Y,N,Y,N,MMG,Y,N,N,Y,Y,Y,N,Y,EN,,,1,1,1,,
Cercopithecus_ascanius,Red-tailed Monkey,5.5,0.371,2.9000,0.1279310345,N,Y,1.0,5.5,48.0,72.0,Y,Y,Y,N,Y,Y,N,N,N,HAR,Y,N,N,Y,Y,Y,N,Y,LC,,,0,0,0,,
Cercopithecus_diana,Diana Monkey,5.5,0.4669,3.8530,0.1211783026,N,Y,1.0,12.1,48.0,63.0,Y,Y,Y,N,Y,Y,N,N,N,HAR,Y,N,N,Y,Y,N,N,N,EN,,SS,0,0,0,,
Cercopithecus_mitis,Blue Monkey,5.5,0.402,4.2100,0.09548693587,Y,Y,1.0,,61.5,55.8,,,Y,N,Y,Y,N,N,N,HAR,Y,N,N,Y,Y,Y,N,N,LC,,,0,0,0,,
Cerdocyon_thous,Crab-eating Fox,1.9,0.14,6.5000,0.02153846154,N,N,3.5,2.7,9.2,9.1,Y,Y,N,Y,Y,N,N,N,N,MOP,N,Y,Y,Y,Y,N,N,N,LC,N,,0,0,0,,
Cervus_canadensis,Wapiti (Elk),8.2,14,185.0000,0.07567567568,Y,Y,1.0,7.5,22.0,16.0,N,N,Y,N,N,Y,N,N,Y,HBG,Y,N,N,N,N,N,N,N,LC,,,0,0,0,,
Cervus_elaphus,Red Deer (see comments),7.8,8.75,97.5000,0.08974358974,Y,Y,1.1,7.5,16.0,16.0,N,N,Y,N,N,Y,N,N,Y,HBG,Y,N,N,N,Y,Y,N,N,LC,,,1,1,1,,
Cervus_nippon,Sika,7.5,5,55.0000,0.09090909091,Y,Y,1.0,6.0,17.3,16.7,N,N,Y,N,N,Y,Y,N,Y,SSG,Y,N,N,N,N,N,N,N,LC,,SS,0,1,1,,
Cheirogaleus_medius,Lesser Dwarf Lemur,2.1,0.01465,0.1350,0.1085185185,N,N,2.0,2.0,15.0,15.0,N,Y,N,Y,N,N,N,N,N,MOP,Y,N,N,N,Y,Y,N,Y,VU,N,SMG,0,0,0,,
Chlorocebus_aethiops,Grivet,6.0,0.3259,3.2000,0.1018421875,N,Y,1.0,7.3,44.0,60.8,,,Y,N,Y,Y,N,Y,N,MMG,Y,N,N,N,Y,Y,N,Y,LC,,,1,1,1,,
Chlorocebus_pygerythrus,Vervet Monkey,6.0,0.3259,3.2000,0.1018421875,N,Y,1.0,7.1,60.0,60.8,,Y,Y,N,Y,Y,N,Y,N,MMG,Y,N,N,N,Y,Y,N,Y,LC,,,0,1,1,,
Colobus_guereza,Mantled Guereza,5.2,0.44492,7.8970,0.05634038242,N,Y,1.0,12.9,48.0,60.0,Y,N,Y,Y,Y,Y,N,N,Y,HBG,Y,N,N,N,Y,Y,N,Y,LC,,,0,0,0,,
Connochaetes_taurinus,Blue Wildebeest,8.3,18.04436,190.0000,0.09497031579,Y,Y,1.0,8.2,17.2,30.4,N,Y,Y,N,N,Y,Y,N,Y,SSG,Y,N,N,N,N,N,N,N,LC,,SS,0,0,0,,
Cricetus_cricetus,Common Hamster,0.6,0.0053,0.3730,0.01420911528,N,N,8.4,0.9,2.9,1.9,N,Y,N,N,N,N,N,N,N,SO,Y,N,N,Y,N,Y,N,Y,CR,N,,0,0,0,,
Crocidura_russula,Greater White-toothed Shrew,1.0,0.0008,0.0095,0.08421052632,N,N,4.0,0.5,1.9,2.8,N,Y,N,Y,N,N,N,N,N,MOP,N,N,N,Y,N,N,N,Y,LC,N,,0,0,0,,
Crocuta_crocuta,Spotted Hyena,3.7,1,50.0000,0.02,N,N,1.9,13.5,32.0,24.0,Y,Y,Y,Y,Y,Y,N,Y,N,MMG,N,Y,N,N,N,N,Y,N,LC,,,1,0,1,,
Cuon_alpinus,Dhole,2.1,0.275,11.5000,0.02391304348,N,N,4.3,1.7,24.0,24.0,N,Y,Y,Y,Y,Y,N,Y,N,MMG,N,Y,N,Y,N,N,N,N,EN,,,0,1,1,,
Cynomys_ludovicianus,Black-tailed Prairie Dog,1.1,0.01524,0.8190,0.01860805861,N,N,4.4,1.5,26.6,24.3,N,Y,Y,Y,Y,Y,N,N,N,HAR,Y,N,N,N,N,N,N,N,LC,,,0,0,0,,
Cynopterus_sphinx,Greater Short-nosed Fruit Bat,4.0,0.01225,0.0490,0.25,N,Y,1.0,1.8,7.5,17.5,N,Y,Y,N,N,Y,N,N,N,HAR,N,N,N,N,Y,N,N,N,LC,,"DI, SS",0,0,0,,
Cystophora_cristata,Hooded Seal,11.2,20.5,200.0000,0.1025,Y,Y,1.0,0.1,36.5,60.0,N,N,N,N,N,N,N,N,N,SO,N,N,Y,N,N,N,N,N,VU,Y,"DI, OG",0,0,0,,
Dama_dama,Fallow Deer,7.7,4.5,42.0000,0.1071428571,Y,Y,1.0,8.5,16.0,16.0,N,N,Y,N,Y,Y,Y,N,Y,SSG,Y,N,N,N,N,N,N,N,LC,,,1,0,1,,
Damaliscus_lunatus,Common Tsessebe,7.9,11,147.0000,0.07482993197,N,Y,1.0,,21.3,41.0,N,Y,Y,N,Y,Y,N,N,Y,HBG,Y,N,N,N,N,N,N,N,LC,,SS,0,0,0,,
Dasypus_novemcinctus,Nine-banded Armadillo,4.2,0.09648,4.5000,0.02144,N,N,4.0,1.4,12.8,12.2,N,N,N,N,N,N,N,N,N,SO,N,N,N,Y,N,N,N,Y,LC,N,DI,0,0,0,,
Dasyurus_maculatus,Tiger/ Spotted-tailed Quoll,0.7,0.00005,1.7000,0.00002941176471,Y,N,4.5,4.5,12.2,11.3,N,Y,N,N,N,N,N,N,N,SO,N,Y,N,Y,N,N,Y,N,NT,N,,0,0,0,,
Daubentonia_madagascariensis,Aye-aye,5.6,0.12179,2.4500,0.04971020408,N,Y,1.0,6.6,29.4,30.0,Y,Y,N,N,N,N,N,N,N,SO,N,N,N,Y,Y,Y,N,Y,EN,Y,"SMG, OG",0,0,0,,
Delphinus_delphis,Short-beaked Common Dolphin,10.9,7.06965,78.0000,0.09063653846,N,Y,1.0,12.7,60.0,69.0,N,N,Y,N,Y,Y,N,Y,Y,MBG,N,N,Y,N,N,N,N,N,LC,,,0,0,0,,
Desmodus_rotundus,Common Vampire Bat,7.0,0.00694,0.0350,0.1982857143,N,Y,1.0,8.0,9.5,9.5,Y,N,Y,N,Y,Y,N,Y,N,MMG,N,Y,N,N,N,N,N,N,LC,,,1,1,1,,
Dicerorhinus_sumatrensis,Sumatran Rhinoceros,15.5,22.8495,775.0000,0.02948322581,N,Y,1.0,18.0,78.0,78.0,Y,N,N,N,N,N,N,N,N,SO,Y,N,N,N,N,N,N,N,CR,N,,0,0,0,,
Diceros_bicornis,Black Rhinoceros,15.5,35,1050.0000,0.03333333333,N,Y,1.0,23.0,60.9,75.1,Y,N,N,N,N,N,N,N,N,SO,Y,N,N,N,Y,N,N,N,CR,N,,0,0,0,,
Dicrostonyx_groenlandicus,Nearctic Collared Lemming,0.7,0.0038,0.0830,0.04578313253,N,N,3.6,0.6,1.3,2.8,N,N,N,N,N,N,N,N,N,SO,Y,N,N,N,Y,N,N,N,LC,N,,0,1,1,,
Didelphis_marsupialis,Common Opossum,0.5,0.00016,1.1500,0.0001391304348,N,N,6.6,3.1,6.5,8.0,Y,N,N,N,N,N,N,N,N,SO,N,N,N,Y,Y,Y,Y,Y,LC,N,,0,0,0,,
Didelphis_virginiana,Virginia Opossum,0.4,0.00015,1.9000,0.00007894736842,N,N,7.6,3.4,6.1,8.1,N,N,N,N,N,N,N,N,N,SO,N,N,N,Y,Y,Y,Y,Y,LC,Y,OG,0,0,0,,
Dipodomys_merriami,Merriam's Kangaroo Rat,1.0,0.00329,0.0400,0.08225,N,N,2.4,0.7,3.4,,N,Y,N,N,N,N,N,N,N,SO,Y,N,N,Y,N,Y,N,N,LC,N,,0,0,0,,
Dipodomys_spectabilis,Banner-tailed Kangaroo Rat,0.8,0.0075,0.1100,0.06818181818,N,N,2.7,0.7,2.0,2.0,N,Y,N,N,N,N,N,N,N,SO,Y,N,N,Y,N,Y,N,N,NT,Y,OG,0,0,0,,
Eira_barbara,Tayra,2.2,0.1,4.6000,0.02173913043,N,N,2.1,3.1,22.0,18.0,Y,N,N,N,N,N,N,N,N,SO,N,Y,N,Y,Y,N,Y,N,LC,Y,OG,0,0,0,,
Elaphurus_davidianus,Pere David's Deer,9.5,11.5,155.0000,0.07419354839,Y,Y,1.2,8.0,20.0,,N,N,Y,N,Y,Y,Y,N,Y,SSG,Y,N,N,N,N,N,N,N,EW,,,0,1,1,,
Elephas_maximus,Asian Elephant,22.0,98.5,2720.0000,0.03621323529,Y,Y,1.0,18.0,180.0,180.0,Y,Y,Y,N,Y,Y,Y,N,N,FEG,Y,N,N,N,Y,Y,N,N,EN,,,1,1,1,,
Enhydra_lutris,Sea Otter,7.6,1.89437,21.5000,0.08811023256,N,Y,1.0,6.0,48.0,66.0,Y,Y,Y,N,N,Y,Y,N,Y,SSG,N,N,Y,N,N,N,N,N,EN,,"AS, DI",0,1,1,,
Eptesicus_fuscus,Big Brown Bat,1.9,0.00321,0.0190,0.1689473684,N,N,1.9,1.2,10.0,10.0,N,N,N,N,N,N,N,N,N,SO,N,N,N,Y,N,N,N,N,LC,Y,"OG, MC, DI",0,0,0,,
Eptesicus_serotinus,Common Serotine,1.7,0.00528,0.0220,0.24,N,Y,1.1,1.6,18.0,,N,N,N,N,N,N,N,N,N,SO,N,N,N,Y,N,N,N,N,LC,Y,"OG, MC, DI",0,1,1,,
Equus_hemionus,Onager (Asiatic Wild Ass),11.0,,225.0000,,N,Y,1.0,15.2,38.6,39.6,N,Y,Y,N,N,Y,Y,N,Y,SSG,Y,N,N,N,N,Y,N,N,NT,,,0,0,0,,
Equus_przewalskii,Przewalskii's Horse,11.5,,250.0000,,N,Y,1,,24.0,36.0,N,N,Y,N,N,Y,N,N,Y,HBG,Y,N,N,N,N,N,N,N,EN,,,1,1,1,,
Equus_quagga,Plains Zebra,12.2,32.0000,280.0000,0.1142857143,N,Y,1.0,6.0,30.2,30.0,Y,N,Y,N,Y,Y,N,N,Y,HBG,Y,N,N,N,N,N,N,N,NT,,,1,1,1,,
Equus_zebra,Mountain Zebra,12.1,29.49668,310.0000,0.09515058065,N,Y,1.0,10.1,33.6,42.6,Y,N,Y,N,Y,Y,N,N,Y,HBG,Y,N,N,N,N,N,N,N,VU,,,1,1,1,,
Erignathus_barbatus,Bearded Seal,9.5,34.53693,350.0000,0.09867694286,N,Y,1.0,0.6,66.0,78.0,N,N,N,N,N,N,N,N,N,SO,N,N,Y,N,N,N,N,N,LC,N,DI,0,0,0,,
Erinaceus_europaeus,West European Hedgehog,1.1,0.01554,0.5410,0.0287245841,N,N,4.4,1.2,8.9,8.4,N,N,N,N,N,N,N,N,N,SO,N,N,N,Y,Y,N,N,Y,NT,N,,0,0,0,,
Erythrocebus_patas,Patas Monkey,5.6,0.62167,5.5000,0.1130309091,Y,Y,1.0,6.3,36.0,54.0,N,N,Y,N,Y,Y,N,N,Y,HBG,Y,Y,N,Y,Y,Y,N,N,NT,,,1,1,1,,
Eschrichtius_robustus,Gray Whale,12.0,800,24500.0000,0.03265306122,N,Y,1.0,8.0,108.0,108.0,N,N,N,N,N,N,N,N,N,SO,N,N,Y,N,N,N,N,N,LC,N,"MC, SMG",1,1,1,,
Eubalaena_australis,Southern Right Whale,12.4,1409.67713,45000.0000,0.03132615844,N,Y,1.0,7.5,109.5,,N,N,N,N,N,N,N,N,N,SO,N,N,Y,N,N,N,N,N,LC,Y,"OG, SMG",1,1,1,,
Eubalaena_glacialis,North Atlantic Right Whale,12.5,800,55000.0000,0.01454545455,N,Y,1.0,11.5,96.0,97.3,N,N,N,N,N,N,N,N,N,SO,N,N,Y,N,N,N,N,N,CR,Y,"OG, SMG",1,1,1,,
Eulemur_rufus,Red-fronted Lemur,4.0,0.0809,1.6000,0.05053125,Y,Y,1.0,5.1,21.6,18.3,,,Y,,,Y,,,,#N/A,,,,,,,,,VU,,,0,0,0,,
Eumetopias_jubatus,Steller Sea Lion,9.0,20,273.0000,0.07326007326,Y,Y,1.0,11.0,54.0,80.7,N,N,Y,N,N,Y,N,Y,N,MMG,N,Y,Y,N,N,N,N,N,NT,,"DI, SS",0,0,0,,
Felis_silvestris,Wildcat,2.0,0.1064,4.0000,0.0266,N,N,2.5,3.0,10.3,12.0,Y,Y,N,N,N,N,N,N,N,SO,N,Y,N,Y,N,N,N,N,LC,N,,0,1,1,,
Gazella_gazella,Mountain Gazelle,5.9,2.12499,23.0000,0.09239086957,Y,Y,1.3,3.5,18.0,17.0,N,Y,Y,N,Y,Y,N,N,Y,HBG,Y,N,N,N,N,N,N,N,EN,,SS,0,0,0,,
Genetta_genetta,Common Genet,2.5,0.07775,1.8000,0.04319444444,N,N,2.3,4.0,22.0,22.0,N,N,N,N,N,N,N,N,N,SO,N,Y,N,Y,Y,N,N,N,LC,Y,OG,0,0,0,,
Giraffa_camelopardalis,Giraffe,15.2,100,815.0000,0.1226993865,Y,Y,1.3,12.0,54.0,42.0,Y,N,N,N,N,N,N,N,N,SO,Y,N,N,N,N,N,N,N,VU,Y,OG,1,1,1,,
Glis_glis,Fat Dormouse,0.8,0.0015,0.1200,0.0125,N,N,5.5,0.9,10.8,11.2,N,Y,N,N,Y,N,N,N,N,SO,Y,N,N,N,Y,Y,N,Y,LC,Y,OG,0,0,0,,
Globicephala_macrorhynchus,Short-finned Pilot Whale,15.5,60.0000,1500.0000,0.04,Y,Y,1.0,36.0,102.0,177.7,Y,N,Y,N,Y,Y,N,Y,N,MMG,N,N,Y,N,N,N,N,N,LC,,,0,0,0,,
Globicephala_melas,Long-finned Pilot Whale,12.0,75,1300.0000,0.05769230769,Y,Y,1.0,36.0,96.0,146.0,Y,N,Y,N,Y,Y,N,Y,N,MMG,N,N,Y,N,N,N,N,N,LC,,,0,0,0,,
Glossophaga_soricina,Pallas's Long-tongued Bat,3.6,0.0026,0.0112,0.2321428571,N,Y,1.0,2.0,,,N,N,Y,N,N,Y,N,Y,N,MMG,N,N,N,Y,Y,Y,N,N,LC,,AS,0,0,0,,
Gorilla_beringei,Eastern Gorilla,8.5,2.0775,79.0000,0.02629746835,Y,Y,1.0,33.6,103.0,120.0,Y,N,Y,N,Y,Y,N,N,N,HAR,Y,N,N,N,Y,N,N,N,CR,,SS,1,1,1,,
Gorilla_gorilla,Western Gorilla,8.6,2.09589,65.0000,0.03224446154,Y,Y,1.1,54.0,120.0,216.0,Y,N,Y,N,Y,Y,N,N,N,HAR,Y,N,N,Y,Y,N,N,N,CR,,SS,1,1,1,,
Grampus_griseus,Risso's Dolphin,13.5,25.0000,450.0000,0.05555555556,N,Y,1.0,15.2,108.0,132.0,Y,N,Y,N,Y,Y,N,Y,N,MMG,N,N,Y,N,N,N,N,N,LC,,SS,0,0,0,,
Gulo_gulo,Wolverine,8.0,0.08602,9.0000,0.009557777778,N,N,2.8,1.9,25.2,25.9,N,N,N,N,N,N,N,N,N,SO,N,Y,N,N,N,N,Y,N,LC,N,DI,0,0,0,,
Halichoerus_grypus,Gray Seal,9.7,15.5,145.0000,0.1068965517,Y,Y,1.0,0.6,48.0,72.0,N,N,N,N,N,Y,N,Y,N,MMG,N,N,Y,N,N,N,N,N,LC,N,"DI, MA, AS",1,1,1,,
Helarctos_malayanus,Sun bear,3.3,0.32499,50.0000,0.0064998,N,Y,1.1,3.0,33.0,33.0,Y,N,N,N,N,N,N,N,N,SO,N,N,N,Y,Y,N,N,Y,VU,Y,"OG, DI",0,0,0,,
Helogale_parvula,Common Dwarf Mongoose,1.8,,0.2920,,N,N,2.5,1.4,22.0,,Y,Y,Y,Y,Y,Y,N,Y,N,MMG,N,N,N,Y,N,N,N,Y,LC,,,1,1,1,,
Hippopotamus_amphibius,Common Hippopotamus,7.8,40.19999,2500.0000,0.016079996,N,Y,1.0,10.9,55.2,42.6,Y,Y,Y,N,N,Y,N,N,Y,HBG,Y,N,N,N,N,N,N,N,VU,,,0,0,0,,
Hippotragus_equinus,Roan Antelope,9.3,16.4,247.5000,0.06626262626,N,Y,1.0,6.1,24.3,27.1,Y,Y,Y,N,N,Y,Y,N,Y,SSG,Y,N,N,N,N,N,N,N,LC,,SS,1,0,1,,
Hippotragus_niger,Sable Antelope,8.6,16.4,170.0000,0.09647058824,Y,Y,1.0,7.0,25.6,18.0,Y,Y,Y,N,N,Y,N,N,Y,HBG,Y,N,N,N,N,N,N,N,LC,,SS,0,0,0,,
Hoolock_hoolock,Hoolock Gibbon,7.8,,6.1000,,Y,Y,1.0,24.0,85.2,85.2,N,N,N,Y,N,N,N,N,N,MOP,Y,N,N,N,Y,Y,N,Y,EN,N,,0,0,0,,
Parahyaena_brunnea,Brown Hyena,3.2,0.69309,40.0000,0.01732725,N,N,2.3,14.0,33.3,35.0,Y,Y,Y,N,Y,Y,N,N,N,HAR,N,Y,N,N,Y,N,Y,N,NT,,SS,0,0,0,,
Hyaena_hyaena,Striped Hyena,3.0,0.7,30.0000,0.02333333333,N,N,2.4,13.0,28.5,26.7,Y,N,N,Y,N,N,N,N,N,MOP,N,Y,N,N,Y,N,Y,N,NT,Y,OG,0,0,0,,
Hydrochoerus_hydrochaeris,Capybara,4.5,1.5,50.0000,0.03,Y,N,3.5,3.7,15.3,15.2,Y,N,Y,Y,N,Y,N,Y,N,MMG,Y,N,N,N,N,N,N,N,LC,,,0,0,0,,
Hydrurga_leptonyx,Leopard seal,9.3,30,410.0000,0.07317073171,N,Y,1.0,0.8,54.0,54.0,N,N,N,N,N,N,N,N,N,SO,N,Y,Y,N,N,N,N,N,LC,N,,0,0,0,,
Hylobates_lar,Lar Gibbon,6.0,0.383,5.0000,0.0766,N,Y,1.0,28.0,102.0,102.0,Y,Y,N,Y,Y,N,N,N,N,MOP,Y,N,N,Y,Y,N,N,Y,EN,Y,OG,0,1,1,,
Hylobates_moloch,Silvery Javan Gibbon,7.6,0.3165,6.2000,0.05104112903,N,Y,1.0,20.0,108.0,108.0,Y,Y,N,Y,Y,N,N,N,N,MOP,Y,N,N,N,Y,N,N,Y,EN,N,,0,0,0,,
Indri_indri,Indri,4.7,0.3000,7.4000,0.04054054054,N,Y,1.0,11.0,96.0,96.0,N,Y,N,Y,N,N,N,N,N,MOP,Y,N,N,N,Y,Y,N,N,CR,Y,OG,0,0,0,,
Isoodon_macrourus,Northern Brown Bandicoot,0.4,0.00017,0.7000,0.0002428571429,Y,N,3.3,2.0,3.5,6.0,Y,Y,N,N,N,N,N,N,N,SO,N,N,N,Y,Y,Y,N,Y,LC,N,,0,0,0,,
Isoodon_obesulus,Southern Brown Bandicoot,0.5,0.00034,0.9000,0.0003777777778,N,N,2.8,2.0,4.5,6.0,Y,Y,N,N,N,N,N,N,N,SO,N,N,N,Y,Y,Y,N,Y,LC,N,,0,0,0,,
Kobus_ellipsiprymnus,Waterbuck,8.3,13.5,170.0000,0.07941176471,N,Y,1.0,7.1,30.0,48.0,Y,Y,Y,N,N,Y,Y,N,Y,SSG,Y,N,N,N,N,N,N,N,LC,,SS,1,0,1,,
Kogia_breviceps,Pygmy Sperm Whale,11.2,53,511.0000,0.1037181996,N,Y,1.0,9.0,60.0,45.0,N,N,N,N,N,N,N,N,N,SO,N,N,Y,N,N,N,N,N,LC,Y,OG,0,0,0,,
Lagenorhynchus_albirostris,White-beaked Dolphin,11.2,40.0000,255.0000,0.1568627451,N,Y,1.0,18.3,104.4,139.2,N,N,Y,N,N,Y,N,Y,N,MMG,N,N,Y,N,N,N,N,N,LC,,,0,0,0,,
Lagenorhynchus_obscurus,Dusky Dolphin,13.0,9.6,78.5000,0.1222929936,N,Y,1.0,12.2,60.9,60.9,N,N,Y,N,Y,Y,N,Y,N,MMG,N,N,Y,N,N,N,N,N,LC,,MC,0,0,0,,
Lagothrix_lagotricha,Brown Woolly Monkey,7.5,0.35,6.0000,0.05833333333,N,Y,1.0,11.2,72.0,96.0,Y,Y,Y,Y,Y,Y,N,Y,N,MMG,Y,N,N,Y,Y,Y,N,N,VU,,,0,0,0,,
Lama_guanicoe,Guanaco,11.7,13,115.0000,0.1130434783,N,Y,1.0,7.0,24.0,24.0,N,Y,Y,N,Y,Y,N,N,Y,HBG,Y,N,N,N,N,N,N,N,LC,,SS,0,0,0,,
Lasionycteris_noctivagans,Silver-haired Bat,1.8,0.00192,0.0096,0.2,N,N,1.8,1.2,5.1,5.1,N,N,N,N,N,N,N,N,N,SO,N,N,N,Y,N,N,N,N,LC,Y,"OG, MC, DI",0,0,0,,
Lasiurus_borealis,Eastern Red Bat,2.8,0.0015,0.0130,0.1153846154,N,N,2.3,1.3,,,N,N,N,N,N,N,N,N,N,SO,N,N,N,Y,N,N,N,N,LC,N,DI,0,0,0,,
Lasiurus_cinereus,Hoary Bat,1.9,0.00512,0.0280,0.1828571429,N,N,2.0,1.2,,,N,N,N,N,N,N,N,N,N,SO,N,N,N,Y,N,N,N,N,LC,N,DI,0,0,0,,
Lemur_catta,Ring-tailed Lemur,4.5,0.0758,2.2000,0.03445454545,N,Y,1.2,3.0,18.0,18.0,N,Y,Y,Y,Y,Y,N,Y,N,MMG,Y,N,N,Y,Y,N,N,Y,EN,,,0,0,0,,
Leontopithecus_rosalia,Golden Lion Tamarin,4.3,0.05189,0.7950,0.06527044025,N,N,1.9,3.5,23.0,25.5,N,N,N,Y,Y,N,N,N,N,MOP,N,N,N,Y,Y,Y,N,Y,EN,N,,1,1,1,,
Leopardus_pardalis,Ocelot,2.7,0.25,9.0000,0.02777777778,N,N,1.3,3.5,22.1,20.0,Y,N,N,N,N,N,N,N,N,SO,N,Y,N,N,N,N,N,N,LC,N,,0,0,0,,
Leptonychotes_weddellii,Weddell Seal,10.5,27.5,500.0000,0.055,N,Y,1.0,1.2,51.1,52.9,N,N,N,N,N,Y,N,Y,N,MMG,N,N,Y,N,N,N,N,N,LC,N,"DI, MA, AS",0,0,0,,
Lepus_americanus,Snowshoe Hare,1.2,0.06784,1.3500,0.05025185185,N,N,3.5,0.8,8.6,,N,N,N,N,N,N,N,N,N,SO,Y,N,N,N,N,N,N,N,LC,N,SMG,0,0,0,,
Lepus_capensis,Cape Hare,1.4,0.11409,2.1000,0.05432857143,N,N,1.5,0.9,6.7,,Y,N,N,N,N,N,N,N,N,SO,Y,N,N,N,N,N,N,N,LC,Y,"SMG, OG",0,0,0,,
Lepus_europaeus,European Hare,1.4,0.123,4.2500,0.02894117647,N,N,3.3,1.0,7.6,6.0,N,N,N,N,N,N,N,N,N,SO,Y,N,N,N,N,N,N,N,LC,Y,"SMG, OG",0,0,0,,
Lepus_timidus,Mountain Hare,1.7,0.11349,2.9000,0.03913448276,N,N,3.2,0.8,8.9,8.9,N,N,Y,N,N,Y,N,Y,N,MMG,Y,N,N,N,N,N,N,N,LC,,SMG,0,0,0,,
Lontra_canadensis,North American River Otter,2.0,0.13594,7.8500,0.01731719745,N,N,2.7,3.0,24.3,24.3,N,N,Y,N,N,Y,Y,N,Y,SSG,N,N,Y,N,N,N,N,Y,LC,,DI,0,0,0,,
Lophocebus_albigena,Gray-cheeked Mangabey,6.2,0.49858,5.6000,0.08903214286,N,Y,1.0,8.5,36.0,72.0,Y,N,Y,N,N,Y,N,Y,N,MMG,Y,N,N,Y,Y,Y,N,Y,VU,,,1,0,1,,
Loxodonta_africana,African Savanna Elephant,22.0,105,2800.0000,0.0375,Y,Y,1.0,36.3,141.8,150.0,N,Y,Y,N,Y,Y,Y,N,Y,SSG,Y,N,N,N,Y,Y,N,N,EN,,SS,1,1,1,,
Lutra_lutra,European Otter,2.0,0.13,7.5000,0.01733333333,N,N,2.5,3.4,30.0,30.0,N,Y,Y,N,N,Y,Y,N,N,FEG,N,N,Y,N,N,N,N,Y,NT,,,0,0,0,,
Lycaon_pictus,African wild dog,2.4,0.325,22.2500,0.01460674157,N,N,10.5,2.0,23.5,21.3,Y,Y,Y,Y,Y,Y,N,Y,N,MMG,N,Y,N,N,N,N,N,N,EN,,,0,0,0,,
Lynx_canadensis,Canadian Lynx,2.1,0.204,8.6000,0.02372093023,N,N,4.5,3.0,17.9,19.1,N,Y,N,N,N,N,N,N,N,SO,N,Y,N,N,N,N,N,N,LC,N,,0,0,0,,
Lynx_lynx,Eurasian Lynx,2.3,0.289,22.0000,0.01313636364,N,N,2.3,2.7,22.0,33.5,N,Y,N,N,N,N,N,N,N,SO,N,Y,N,N,N,N,N,N,LC,N,,0,0,0,,
Lynx_pardinus,Iberian Lynx,2.3,,10.0000,,N,N,2.5,,,,N,Y,N,N,N,N,N,N,N,SO,N,Y,N,N,N,N,N,N,VU,N,,0,0,0,,
Lynx_rufus,Bobcat,2.0,0.35,7.5000,0.04666666667,N,N,2.8,2.3,21.3,24.0,Y,Y,N,N,N,N,N,N,N,SO,N,Y,N,N,N,N,N,N,LC,N,,0,0,0,,
Macaca_arctoides,Stump-tailed Macaque,5.9,0.495,8.1430,0.06078840722,N,Y,1.0,12.0,42.0,48.0,Y,,Y,N,N,Y,N,Y,N,MMG,Y,N,N,N,Y,Y,N,Y,VU,,SS,1,1,1,,
Macaca_fascicularis,Crab-eating Macaque,5.5,0.33285,3.5880,0.09276755853,N,Y,1.0,15.0,42.6,66.0,N,Y,Y,N,N,Y,N,Y,N,MMG,Y,N,Y,Y,Y,N,N,Y,EN,,,1,1,1,,
Macaca_fuscata,Japanese Macaque,5.8,0.542,10.3480,0.05237727097,N,Y,1.2,8.8,60.0,54.0,N,Y,Y,N,Y,Y,N,Y,N,MMG,Y,N,N,Y,Y,Y,N,Y,LC,,,1,1,1,,
Macaca_mulatta,Rhesus Monkey,5.5,0.4894,5.3390,0.09166510583,N,Y,1.0,9.9,54.0,78.0,N,Y,Y,N,N,Y,N,Y,N,MMG,Y,N,N,N,Y,Y,N,Y,LC,,SS,1,1,1,,
Macaca_nemestrina,Southern Pig-tailed Macaque,5.7,0.47725,6.5000,0.07342307692,Y,Y,1.0,10.8,36.0,54.0,Y,N,Y,N,N,Y,N,Y,N,MMG,Y,N,N,Y,Y,Y,N,N,EN,,SS,1,1,1,,
Macaca_nigra,Celebes Crested Macaque,5.7,0.45777,6.7000,0.0683238806,N,Y,1.0,12.2,56.9,,Y,N,Y,N,N,Y,N,Y,N,MMG,N,N,N,Y,Y,N,N,Y,CR,,SS,1,1,1,,
Macaca_radiata,Bonnet Macaque,5.4,0.36752,3.8510,0.09543495196,N,Y,1.0,10.0,36.0,36.0,N,N,Y,N,N,Y,N,Y,N,MMG,Y,N,N,N,Y,Y,N,Y,VU,,,1,1,1,,
Macaca_silenus,Lion-tailed Macaque,5.8,0.41611,3.5000,0.1188885714,N,Y,1.0,9.0,50.8,96.0,Y,N,Y,N,N,Y,N,Y,N,MMG,Y,Y,N,Y,Y,Y,N,N,EN,,SH,1,1,1,,
Macaca_sylvanus,Barbary Macaque,5.5,0.44985,11.9000,0.03780252101,N,Y,1.0,7.0,48.6,66.9,N,N,Y,Y,Y,Y,N,Y,N,MMG,Y,N,N,N,Y,Y,N,Y,EN,,,1,1,1,,
Macaca_tonkeana,Tonkean Macaque,5.7,,9.5000,,N,Y,1.0,,54.0,,N,N,Y,Y,Y,Y,N,Y,N,MMG,Y,N,N,Y,Y,N,N,N,VU,,,1,1,1,,
Notamacropus_eugenii,Tammar Wallaby,0.9,0.00044,5.0000,0.000088,N,Y,1.0,10.5,9.0,24.3,N,N,Y,N,N,Y,N,Y,N,MMG,Y,N,N,N,N,N,N,N,LC,,,0,0,1,,
Macropus_fuliginosus,Western Grey Kangaroo,1.0,0.00086,28.0000,0.00003071428571,Y,Y,1.0,17.5,14.0,20.0,Y,N,Y,N,N,Y,N,Y,Y,MBG,Y,N,N,N,N,N,N,N,LC,,SS,0,1,1,,
Macropus_giganteus,Eastern Grey Kangaroo,1.2,0.00084,30.0000,0.000028,Y,Y,1.0,17.0,18.0,42.0,Y,N,Y,N,N,Y,N,Y,Y,MBG,Y,N,N,N,N,N,N,N,LC,,SS,1,1,1,,
Osphranter_robustus,Common Wallaroo,1.1,0.0007,24.0000,0.00002916666667,Y,Y,1.0,16.0,14.0,18.0,Y,N,N,N,N,N,N,N,N,SO,Y,N,N,N,N,N,N,N,LC,Y,"OG, SMG",0,0,1,,
Notamacropus_rufogriseus,Red-necked Wallaby,1.0,0.00053,13.5000,0.00003925925926,N,Y,1.0,15.5,13.0,19.0,Y,N,N,N,N,N,N,N,N,SO,Y,N,N,N,N,N,N,N,LC,Y,"SMG, OG",1,1,1,,
Osphranter_rufus,Red Kangaroo,1.1,0.00081,28.0000,0.00002892857143,Y,Y,1.0,12.0,15.0,24.0,Y,N,Y,N,N,Y,N,Y,N,MMG,Y,N,N,N,N,N,N,N,LC,,SS,0,1,1,,
Marmota_marmota,Alpine Marmot,1.1,0.02974,3.7000,0.008037837838,N,N,4.0,1.6,27.6,24.3,N,Y,Y,Y,Y,Y,N,N,N,HAR,Y,N,N,N,N,Y,N,Y,LC,,SS,0,0,0,,
Marmota_monax,Woodchuck,1.0,0.02719,3.7000,0.007348648649,N,N,4.3,1.5,18.1,18.3,N,Y,N,N,N,N,N,N,N,SO,Y,N,N,N,Y,Y,N,Y,LC,N,,0,0,0,,
Martes_americana,American Marten,0.9,0.028,0.5650,0.04955752212,Y,N,2.6,1.5,15.2,15.2,N,Y,N,N,N,N,N,N,N,SO,N,Y,N,Y,Y,N,N,N,LC,N,DI,0,0,0,,
Martes_foina,Beech Marten,1.0,0.03,1.7000,0.01764705882,N,N,3.8,2.4,18.3,24.3,N,Y,N,N,N,N,N,N,N,SO,N,Y,N,Y,Y,N,N,N,LC,N,DI,0,0,0,,
Martes_martes,European Pine Marten,1.0,0.03,1.1000,0.02727272727,N,N,3.5,1.7,16.9,14.2,N,Y,N,N,N,N,N,N,N,SO,N,Y,N,Y,Y,N,N,N,LC,N,DI,1,1,1,,
Martes_pennanti,Fisher,1.0,0.05,2.2500,0.02222222222,Y,N,3.0,2.6,13.8,12.2,N,Y,N,N,N,N,N,N,N,SO,N,Y,N,Y,Y,N,N,N,LC,N,DI,0,0,0,,
Mastomys_natalensis,Natal Mastomys,0.7,0.00198,0.0565,0.03504424779,N,N,8.9,0.7,2.4,2.2,N,N,N,N,N,N,N,N,N,SO,Y,N,N,Y,N,Y,Y,N,LC,N,,0,0,0,,
Megaptera_novaeangliae,Humpback Whale,11.3,900,32500.0000,0.02769230769,N,Y,1.0,8.0,54.8,54.8,N,N,Y,N,N,Y,N,Y,Y,MBG,N,N,Y,N,N,N,N,N,LC,,SS,0,0,0,,
Meles_meles,European Badger,1.7,0.075,12.0000,0.00625,N,N,3.1,2.5,13.4,12.2,Y,Y,Y,N,N,Y,N,Y,N,MMG,N,N,N,Y,Y,Y,Y,Y,LC,,"DI, SS",0,0,0,,
Mellivora_capensis,Honey Badger,2.0,0.21,9.9000,0.02121212121,N,N,1.7,0.8,14.0,30.0,Y,Y,N,N,N,N,N,N,N,SO,N,Y,N,Y,Y,Y,N,N,LC,Y,OG,0,0,0,,
Mephitis_mephitis,Striped Skunk,2.2,0.03319,2.1000,0.0158047619,N,N,5.4,1.7,11.2,11.2,N,N,N,N,N,N,N,N,N,SO,N,N,N,Y,Y,Y,Y,Y,LC,Y,"DI, OG",0,0,0,,
Meriones_unguiculatus,Mongolian Jird,0.8,0.00285,0.0560,0.05089285714,N,N,5.0,0.8,1.9,1.2,N,Y,Y,Y,Y,Y,N,Y,N,MMG,Y,N,N,N,N,Y,N,N,LC,,,0,0,0,,
Mesoplodon_densirostris,Blainville's Beaked Whale,12.0,60.0000,,,Y,Y,1.0,13.0,109.6,109.6,,N,Y,N,Y,Y,N,N,N,HAR,N,N,Y,N,N,N,N,N,LC,,,0,0,0,,
Microcebus_murinus,Gray Mouse Lemur,2.0,0.0059,0.0600,0.09833333333,N,N,2.2,1.4,10.0,8.1,N,N,N,N,Y,N,N,N,N,SO,N,N,N,Y,Y,Y,N,Y,LC,Y,"OG, MC",0,0,0,,
Micromys_minutus,Harvest Mouse,0.7,0.00084,0.0075,0.112,N,N,4.9,0.6,1.5,1.5,N,N,N,N,N,N,N,N,N,SO,Y,N,N,Y,Y,Y,N,N,LC,N,,0,0,0,,
Microtus_agrestis,Field Vole,0.7,0.0022,0.0326,0.06748466258,N,N,4.7,0.6,0.9,1.4,N,Y,N,N,N,N,N,N,N,SO,Y,N,N,N,Y,Y,N,N,LC,N,,0,0,0,,
Microtus_arvalis,Common Vole,0.7,0.0021,0.0250,0.084,N,N,4.2,0.6,0.9,1.9,N,Y,N,Y,N,N,N,N,N,MOP,Y,N,N,N,N,Y,N,Y,LC,N,MC,0,0,0,,
Microtus_californicus,California Vole,0.7,0.0028,0.0434,0.06451612903,N,N,4.4,0.6,0.8,1.4,Y,N,N,Y,N,N,N,N,N,MOP,Y,N,N,N,N,Y,N,N,LC,Y,OG,0,0,0,,
Microtus_montanus,Montane Vole,0.7,0.00389,0.0470,0.08276595745,N,N,5.5,0.5,0.8,0.8,N,Y,N,N,N,N,N,N,N,SO,Y,N,N,N,N,N,N,N,LC,N,,0,0,0,,
Microtus_ochrogaster,Prairie Vole,0.7,0.00294,0.0420,0.07,N,N,3.9,0.7,1.6,1.4,Y,N,N,Y,N,N,N,N,N,MOP,Y,N,N,N,N,N,N,N,LC,N,,0,0,0,,
Alexandromys_oeconomus,Root Vole,0.7,0.00234,0.0520,0.045,N,N,5.6,0.7,1.5,1.5,N,Y,N,Y,N,N,N,N,N,MOP,Y,N,N,N,Y,Y,N,N,LC,Y,OG,0,0,0,,
Microtus_pennsylvanicus,Meadow Vole,0.7,0.0024,0.0440,0.05454545455,N,N,5.2,0.4,1.0,1.1,Y,N,N,N,N,N,N,N,N,SO,Y,N,N,Y,N,Y,Y,N,LC,N,,0,0,0,,
Microtus_townsendii,Townsend's Vole,0.8,0.0025,0.0550,0.04545454545,N,N,4.1,0.5,1.7,1.7,N,Y,N,N,N,N,N,N,N,SO,Y,N,N,N,N,N,N,N,LC,N,,0,0,0,,
Miniopterus_schreibersii,Schreibers's Long-fingered Bat,3.8,0.00286,0.0120,0.2383333333,N,Y,1.0,2.0,12.0,24.3,N,N,Y,N,N,Y,N,Y,N,MMG,N,N,N,Y,N,N,N,N,VU,,"DI, MC, AS",0,1,1,,
Miopithecus_talapoin,Angolan Talapoin,5.5,0.17904,0.7750,0.2310193548,N,Y,1.0,5.8,53.9,96.0,Y,N,Y,N,N,Y,Y,Y,Y,VGS,Y,N,Y,Y,Y,Y,N,Y,VU,,,1,1,1,,
Mirounga_angustirostris,Northern Elephant Seal,7.5,34.38177,450.0000,0.07640393333,Y,Y,1.0,0.9,36.0,78.0,N,N,N,N,N,Y,N,Y,N,MMG,N,N,Y,N,N,N,N,N,LC,N,"MA, DI, AS",1,1,1,,
Mirounga_leonina,Southern Elephant Seal,8.1,39.39297,700.0000,0.05627567143,Y,Y,1.0,0.7,36.0,60.0,N,N,N,N,N,Y,N,Y,N,MMG,N,N,Y,N,N,N,N,N,LC,N,"MA, DI, AS",0,0,0,,
Monachus_monachus,Mediterranean Monk Seal,10.8,20,270.0000,0.07407407407,Y,Y,1.0,3.9,36.0,,Y,N,N,N,N,N,N,N,N,SO,N,N,Y,N,N,N,N,N,VU,Y,OG,0,0,0,,
Mungos_mungo,Banded Mongoose,2.0,0.035,1.3600,0.02573529412,N,N,3.2,0.8,11.5,11.6,Y,Y,Y,Y,Y,Y,N,Y,N,MMG,N,N,N,Y,Y,N,N,Y,LC,,,0,0,0,,
Muntiacus_muntjak,Red Muntjac,7.0,1.37139,24.0000,0.05714125,Y,Y,1.1,2.1,9.1,11.1,Y,Y,N,N,N,N,N,N,N,SO,Y,N,N,N,Y,Y,N,N,LC,Y,OG,1,1,1,,
Muntiacus_reevesi,Reeves' Muntjac,7.1,1.2,12.5000,0.096,Y,Y,1.0,4.0,6.5,,Y,Y,N,N,N,N,N,N,N,SO,Y,N,N,N,Y,N,N,N,LC,Y,OG,0,1,1,,
Mus_musculus,House Mouse,0.7,0.00106,0.0250,0.0424,N,N,5.8,0.7,1.8,1.4,Y,Y,Y,N,Y,Y,Y,N,N,FEG,Y,N,N,Y,N,Y,N,N,LC,,,1,1,1,,
Mus_spretus,Western Mediterranean Mouse,0.7,0.0013,0.0130,0.09615384615,N,N,5.3,0.6,1.4,1.6,N,Y,N,N,N,N,N,N,N,SO,Y,N,N,Y,Y,Y,N,N,LC,N,,0,0,0,,
Mustela_erminea,Ermine,1.2,0.00345,0.2000,0.01725,N,N,6.7,1.8,3.2,12.2,N,Y,N,N,N,N,N,N,N,SO,N,Y,N,Y,Y,N,N,N,LC,N,DI,0,0,0,,
Mustela_lutreola,European Mink,1.1,0.008,0.5425,0.01474654378,N,N,4.5,2.2,10.8,10.8,N,Y,N,N,N,N,N,N,N,SO,N,Y,Y,Y,N,N,N,N,CR,N,DI,0,0,0,,
Mustela_nigripes,Black-footed Ferret,1.4,0.00739,0.8090,0.00913473424,N,N,3.4,2.0,12.2,12.2,N,Y,N,N,N,N,N,N,N,SO,N,Y,N,N,N,N,N,N,EN,N,,0,0,0,,
Mustela_nivalis,Least Weasel,1.2,0.0015,0.1250,0.012,N,N,5.1,1.7,3.0,4.0,Y,Y,N,N,N,N,N,N,N,SO,N,Y,N,Y,N,N,Y,N,LC,N,,0,0,0,,
Mustela_putorius,European Polecat,1.4,0.0095,0.6575,0.0144486692,N,N,7.9,1.0,10.3,10.7,N,Y,N,N,N,N,N,N,N,SO,N,Y,N,Y,N,N,N,N,LC,N,,0,0,0,,
Myocastor_coypus,Coypu (Nutria),4.4,0.22,6.3000,0.03492063492,N,N,5.3,1.9,5.3,5.1,Y,N,Y,N,N,Y,N,Y,N,MMG,Y,N,N,N,N,N,N,N,LC,,SS,0,0,0,,
Myodes_glareolus,Bank Vole,0.7,0.002,0.0365,0.05479452055,N,N,5.2,0.6,1.7,2.0,N,Y,N,N,N,N,N,N,N,SO,Y,N,N,Y,N,Y,N,N,LC,N,,0,0,0,,
Myotis_bechsteinii,Bechstein's Myotis,2.0,0.00231,0.0110,0.21,N,Y,1.0,,,,N,N,N,N,N,Y,N,Y,N,MMG,N,N,N,Y,N,N,N,N,NT,N,"MA, MC",0,1,1,,
Myotis_daubentonii,Daubenton's Myotis,1.8,0.002,0.0080,0.25,N,Y,1.2,1.2,12.0,10.0,N,N,Y,N,N,Y,N,Y,N,MMG,N,N,N,Y,N,N,N,N,LC,,"AS, SS, MC",0,1,1,,
Myotis_lucifugus,Little Brown Myotis,1.9,0.00218,0.0090,0.2422222222,N,Y,1.0,0.9,8.2,12.0,N,N,Y,N,N,Y,N,Y,N,MMG,N,N,N,Y,N,N,N,N,EN,,"AS, MC, DI",0,1,1,,
Myotis_myotis,Mouse-eared Myotis,2.4,0.006,0.0240,0.25,N,N,1.5,1.4,15.0,16.7,N,N,Y,N,N,Y,N,Y,N,MMG,N,N,N,Y,N,N,N,N,LC,,"AS, MC, SS",0,1,1,,
Myotis_mystacinus,Whiskered Myotis,,1.155,0.0055,210,N,Y,1.0,,12.2,15.2,N,N,N,N,N,Y,N,Y,N,MMG,N,N,N,Y,N,N,N,N,LC,N,"MA, AS, MC, DI",0,1,1,,
Myotis_septentrionalis,Northern Myotis,1.8,0.00168,0.0080,0.21,N,Y,1.0,1.2,12.2,12.2,N,N,N,N,N,N,N,N,N,SO,N,N,N,Y,N,N,N,N,NT,Y,"OG, MC, DI",0,0,0,,
Myotis_sodalis,Indiana Myotis,2.1,0.00453,0.0080,0.56625,N,Y,1.0,1.0,11.9,11.9,N,N,Y,N,N,Y,N,Y,N,MMG,N,N,N,Y,N,N,N,N,NT,,"SS, AS, MC, DI",0,0,0,,
Nanger_granti,Grant's Gazelle,6.7,5.21517,52.5000,0.09933657143,Y,Y,1.0,,14.5,18.0,Y,Y,Y,N,N,Y,N,N,Y,HBG,Y,N,N,N,N,N,N,N,LC,,,1,1,1,,
Nasalis_larvatus,Proboscis Monkey,5.5,0.45,9.6370,0.04669502957,Y,Y,1.0,7.1,50.0,60.0,Y,N,Y,N,N,Y,N,N,Y,HBG,Y,N,N,Y,Y,Y,N,N,EN,,,1,1,1,,
Nasua_narica,White-nosed Coati,2.5,0.14,4.4000,0.03181818182,N,N,4.0,4.0,22.0,34.0,N,N,Y,N,Y,Y,N,N,N,HAR,N,N,N,Y,Y,Y,Y,Y,LC,,,0,0,0,,
Nasua_nasua,South American Coati,2.5,0.14491,4.3000,0.0337,N,N,3.7,3.4,26.2,24.3,N,N,Y,N,Y,Y,Y,N,N,FEG,N,N,N,Y,Y,Y,Y,Y,LC,,,0,0,0,,
Neofelis_nebulosa,Clouded Leopard,3.0,0.16649,16.0000,0.010405625,N,N,2.3,3.0,25.1,30.0,,,N,N,N,N,N,N,N,SO,N,Y,N,N,N,N,N,N,VU,N,,0,0,0,,
Neomys_fodiens,Eurasian Water Shrew,0.7,0.00075,0.0168,0.0447761194,N,N,6.0,1.2,5.3,3.5,N,N,N,N,N,N,N,N,N,SO,N,N,Y,Y,N,N,N,Y,LC,N,,0,0,0,,
Neophoca_cinerea,Australian Sealion,14.0,7.14762,77.1000,0.09270583658,Y,Y,1.2,17.0,54.0,72.0,Y,N,Y,N,N,Y,N,N,N,HAR,N,N,Y,N,N,N,N,Y,EN,,"DI, AS",1,1,1,,
Neophocaena_phocaenoides,Indo-Pacific Finless Porpoise,10.8,6.8,42.5000,0.16,N,Y,1.0,10.6,66.0,54.0,N,N,Y,N,N,Y,N,Y,N,MMG,N,N,Y,N,N,N,N,N,VU,,SS,0,0,0,,
Neovison_vison,American Mink,1.0,0.0086,0.6450,0.01339534884,Y,N,4.8,1.4,12.0,18.0,N,Y,N,N,N,N,N,N,N,SO,N,Y,Y,Y,N,N,N,N,LC,N,DI,0,0,0,,
Nyctalus_leisleri,Leisler's Noctule,,0.00294,0.0140,0.21,N,N,1.7,0.8,,,N,Y,N,N,N,Y,N,N,Y,HBG,N,N,N,Y,N,N,N,N,LC,Y,"MA, OG, MC, DI",0,1,1,,
Nyctalus_noctula,Noctule,2.1,0.00557,0.0300,0.1856666667,N,N,1.7,0.8,13.8,13.5,N,Y,N,N,N,Y,N,N,Y,HBG,N,N,N,Y,N,N,N,N,LC,Y,"MA, OG, MC, DI",0,1,1,,
Nyctereutes_procyonoides,Raccoon dog,2.1,0.11,7.7500,0.01419354839,N,N,6.4,1.7,10.9,10.1,N,Y,N,Y,N,N,N,N,N,MOP,N,Y,N,Y,Y,N,Y,N,LC,N,,0,0,1,,
Nycticebus_coucang,Sunda Slow Loris,6.4,0.05047,0.7425,0.06797306397,N,Y,1.1,6.0,20.6,22.0,Y,Y,N,Y,Y,N,N,N,N,MOP,Y,N,N,Y,Y,Y,N,Y,EN,Y,"SMG, OG",0,0,0,,
Octodon_degus,Degu,3.0,0.01419,0.2250,0.06306666667,N,N,5.3,1.0,3.3,3.3,N,N,Y,Y,Y,Y,N,N,N,HAR,Y,N,N,N,Y,Y,N,N,LC,,,1,1,1,,
Odobenus_rosmarus,Walrus,11.9,60.6,1000.0000,0.0606,Y,Y,1.2,27.0,96.0,120.0,N,N,N,N,N,Y,Y,N,Y,SSG,N,N,Y,N,N,N,N,Y,VU,Y,"OG, AS, MA",0,1,1,,
Odocoileus_hemionus,Mule Deer,6.8,3.35,50.0000,0.067,Y,N,1.6,3.5,18.0,18.0,N,N,Y,N,Y,Y,Y,N,Y,SSG,Y,N,N,N,N,N,N,N,LC,,SS,1,1,1,,
Odocoileus_virginianus,White-tailed Deer,6.6,2.85,55.0000,0.05181818182,Y,N,1.6,4.0,16.0,18.0,N,Y,Y,N,Y,Y,Y,N,Y,SSG,Y,N,N,N,Y,Y,N,Y,LC,,,1,1,1,,
Ondatra_zibethicus,Common Muskrat,0.9,0.02199,1.2500,0.017592,N,N,6.6,0.9,9.5,9.5,Y,Y,N,N,N,N,N,N,N,SO,Y,N,Y,N,N,N,N,Y,LC,N,,0,0,0,,
Orcinus_orca,Killer Whale,16.0,170,2500.0000,0.068,Y,Y,1.0,14.5,150.0,180.0,N,N,Y,Y,Y,Y,N,Y,N,MMG,N,Y,Y,N,N,N,N,N,DD,,,0,1,1,,
Oreamnos_americanus,Mountain Goat,6.3,3.08081,67.5000,0.04564162963,N,Y,1.4,3.1,30.4,30.4,N,N,Y,N,N,Y,Y,N,Y,SSG,Y,N,N,N,N,N,N,N,LC,,,0,0,0,,
Oreotragus_oreotragus,Klipspringer,7.2,1.13,13.2000,0.08560606061,N,Y,1.0,4.6,12.2,12.2,Y,Y,N,Y,N,N,N,N,N,MOP,Y,N,N,N,Y,Y,N,N,LC,N,,0,0,0,,
Ornithorhynchus_anatinus,Platypus,0.7,,1.1000,,N,N,2.0,4.0,21.5,18.3,N,Y,N,N,N,N,N,N,N,SO,N,N,Y,Y,N,N,N,N,NT,N,,0,0,0,,
Orycteropus_afer,Aardvark,7.7,1.7,52.5000,0.03238095238,N,Y,1.1,3.4,25.2,24.3,N,Y,N,N,N,N,N,N,N,SO,N,N,N,Y,N,N,N,N,LC,N,,0,0,0,,
Oryctolagus_cuniculus,European Rabbit,1.0,0.03911,2.2500,0.01738222222,N,N,4.0,0.7,3.5,3.5,Y,Y,Y,N,N,Y,N,N,N,HAR,Y,N,N,N,N,N,N,N,EN,,SS,1,1,1,,
Oryx_gazella,Gemsbok,8.5,,200.0000,,N,Y,1.0,5.0,23.0,18.3,Y,Y,Y,N,N,Y,N,Y,N,MMG,Y,N,N,N,N,Y,N,N,LC,,SS,0,0,0,,
Oryx_leucoryx,Arabian Oryx,8.0,,62.0000,,N,Y,1.0,4.5,24.4,18.3,Y,Y,Y,Y,N,Y,N,N,N,HAR,Y,N,N,N,N,Y,N,N,VU,,SS,0,0,0,,
Otaria flavescens,South American Sealion,10.4,12.81999,144.0000,0.08902770833,Y,Y,1.0,9.0,48.7,66.0,N,N,Y,N,N,Y,N,Y,N,MMG,N,N,Y,N,N,N,N,Y,LC,,SS,0,0,0,,
Otocyon_megalotis,Bat-eared Fox,2.3,0.1207,4.3000,0.02806976744,N,N,3.0,1.4,8.5,8.5,N,Y,N,Y,Y,N,N,N,N,MOP,N,N,N,Y,Y,N,N,Y,LC,Y,OG,0,0,0,,
Ovibos_moschatus,Muskox,8.0,10.7,290.0000,0.03689655172,N,Y,1.0,12.0,36.0,36.0,N,N,Y,N,Y,Y,N,N,Y,HBG,Y,N,N,N,N,N,N,N,LC,,,1,1,1,,
Ovis_ammon,Argali,5.4,4,90.0000,0.04444444444,N,Y,1.0,4.0,30.0,27.4,N,N,Y,N,N,Y,Y,Y,Y,VGS,Y,N,N,N,N,N,N,N,NT,,,0,1,1,,
Ovis_canadensis,Bighorn Sheep,5.9,3.6,59.0000,0.06101694915,Y,Y,1.2,4.8,25.0,18.0,N,N,Y,N,N,Y,Y,Y,Y,VGS,Y,N,N,N,N,N,N,N,LC,,,1,1,1,,
Ovis_dalli,Dall's Sheep,5.7,3.65,56.8000,0.06426056338,N,Y,1.2,4.1,18.0,23.1,N,N,Y,N,N,Y,Y,Y,Y,VGS,Y,N,N,N,N,N,N,N,LC,,,1,1,1,,
Ovis_gmelini,Red Sheep,5.2,3,40.0000,0.075,Y,Y,1.2,6.1,18.3,29.0,N,N,Y,N,N,Y,,,,#N/A,Y,N,N,N,N,N,N,N,NT,,,1,1,1,,
Pan_paniscus,Bonobo,7.7,1.39953,31.0000,0.04514612903,N,Y,1.0,36.0,144.0,120.0,Y,N,Y,Y,Y,Y,N,Y,N,MMG,Y,N,N,N,Y,Y,N,Y,EN,,,1,1,1,,
Pan_troglodytes,Common Chimpanzee,7.7,1.74502,35.0000,0.04985771429,Y,Y,1.1,54.0,90.0,90.0,Y,Y,Y,N,Y,Y,N,Y,N,MMG,Y,Y,N,Y,Y,Y,N,Y,EN,,,1,1,1,,
Panthera_leo,Lion,3.6,1.5,126.0000,0.0119047619,Y,N,2.8,6.9,36.5,26.0,Y,Y,Y,Y,Y,Y,N,N,Y,HBG,N,Y,N,N,N,N,Y,N,VU,,SS,1,1,1,,
Panthera_onca,Jaguar,3.3,0.8173,65.0000,0.01257384615,N,N,2.0,5.5,27.0,30.0,Y,Y,N,N,N,N,N,N,N,SO,N,Y,N,N,N,N,N,N,NT,N,,0,0,0,,
Panthera_pardus,Leopard,3.2,0.55339,53.0000,0.01044132075,N,N,2.1,3.9,31.2,25.7,Y,Y,N,N,N,N,N,N,N,SO,N,Y,N,N,N,N,N,N,VU,N,,0,0,0,,
Panthera_tigris,Tiger,3.4,1.2,117.5000,0.01021276596,N,N,2.9,6.0,42.3,47.2,Y,Y,N,N,N,N,N,N,N,SO,N,Y,N,N,N,N,N,N,EN,N,,0,0,0,,
Panthera_uncia,Snow leopard,3.3,0.4426,34.0000,0.01301764706,N,N,2.2,2.3,26.2,24.3,N,Y,N,N,N,N,N,N,N,SO,N,Y,N,N,N,N,N,N,VU,N,,0,0,0,,
Papio_cynocephalus,Yellow Baboon,6.0,0.76,10.5000,0.07238095238,Y,Y,1.0,13.0,60.0,96.0,Y,N,Y,N,N,Y,N,Y,N,MMG,Y,Y,N,Y,Y,Y,N,N,LC,,,1,1,1,,
Papio_hamadryas,Hamadryas Baboon,5.8,0.86,12.5000,0.0688,Y,Y,1.0,10.0,52.8,72.0,Y,N,Y,N,N,Y,N,N,N,HAR,Y,Y,N,Y,Y,Y,N,N,LC,,SS,1,1,1,,
Papio_ursinus,Chacma Baboon,6.2,0.7,16.0000,0.04375,Y,Y,1.0,,75.0,58.7,Y,N,Y,N,Y,Y,N,Y,N,MMG,Y,N,Y,Y,Y,Y,N,Y,LC,,,1,1,1,,
Pecari_tajacu,Collared Peccary,4.8,0.61853,22.0000,0.028115,N,N,1.6,1.4,10.8,11.9,Y,Y,Y,N,Y,Y,N,Y,N,MMG,Y,N,N,Y,Y,Y,N,Y,LC,,,1,1,1,,
Peromyscus_californicus,California Deermouse,0.7,0.00431,0.0440,0.09795454545,N,N,2.7,1.0,1.5,1.7,Y,Y,N,Y,N,N,N,N,N,MOP,Y,N,N,Y,Y,Y,N,N,LC,N,,0,0,0,,
Peromyscus_leucopus,White-footed Deermouse,0.8,0.0018,0.0215,0.08372093023,N,N,4.3,0.7,1.5,1.5,Y,Y,N,N,N,N,N,N,N,SO,Y,N,N,Y,N,Y,N,N,LC,N,,0,0,0,,
Peromyscus_maniculatus,North American Deermouse,0.8,0.00173,0.0225,0.07688888889,N,N,4.8,0.7,1.6,1.6,Y,Y,N,N,N,N,N,N,N,SO,Y,N,N,Y,N,Y,N,N,LC,N,,0,0,0,,
Peromyscus_polionotus,Oldfield Deermouse,0.8,0.00154,0.0205,0.07512195122,N,N,3.6,0.8,1.0,1.0,,Y,N,,N,N,N,N,N,SO,Y,N,N,N,Y,Y,N,N,LC,N,,0,0,0,,
Petaurus_breviceps,Sugar Glider,0.6,0.00018,0.0975,0.001846153846,N,N,1.8,4.0,9.3,15.2,Y,Y,Y,Y,Y,Y,N,Y,N,MMG,N,N,N,Y,Y,Y,N,Y,LC,,,0,0,0,,
Phacochoerus_aethiopicus,Desert Warthog,5.5,0.69195,50.0000,0.013839,Y,N,3.2,3.5,19.9,21.0,,,,,,,,,,#N/A,Y,N,N,N,Y,Y,Y,Y,LC,#N/A,,1,1,1,,
Phacochoerus_africanus,Common Warthog,5.5,0.6600,62.5000,0.01056,Y,N,2.5,2.8,18.0,18.0,Y,N,Y,N,Y,Y,Y,N,Y,SSG,Y,N,N,N,Y,Y,Y,Y,LC,,SS,0,0,0,,
Pagophilus_groenlandicus,Harp Seal,8.1,4,127.0000,0.03149606299,N,Y,1.0,0.4,66.0,90.0,N,N,N,N,N,Y,N,Y,N,MMG,N,N,Y,N,N,N,N,N,LC,Y,"DI, MA, AS, OG",0,0,0,,
Phoca_vitulina,Harbor Seal,8.5,10.5,100.0000,0.105,N,Y,1.0,0.8,54.0,72.0,N,N,Y,N,N,Y,N,Y,N,MMG,N,N,Y,N,N,N,N,N,LC,,"DI, AS",1,1,1,,
Phocarctos_hookeri,New Zealand Sealion,8.5,7.0000,127.5000,0.05490196078,Y,Y,1.0,11.0,42.0,,N,N,N,N,N,Y,N,Y,N,MMG,N,Y,Y,N,N,N,N,N,EN,Y,"DI, MA, AS, OG",1,1,1,,
Phocoena_phocoena,Harbor Porpoise,10.5,7.5,60.0000,0.125,N,Y,1.0,10.4,39.2,44.7,N,N,Y,N,Y,Y,N,Y,N,MMG,N,N,Y,N,N,N,N,N,LC,,SS,1,1,1,,
Phocoenoides_dalli,Dall's Porpoise,11.3,11.3,105.0000,0.1076190476,Y,Y,1.0,10.1,49.2,57.0,N,N,Y,N,Y,Y,N,Y,N,MMG,N,N,Y,N,N,N,N,N,LC,,SS,0,0,0,,
Phodopus_sungorus,Striped Desert Hamster,0.6,0.00204,0.0235,0.08680851064,N,N,5.7,0.7,1.4,1.4,N,Y,N,Y,N,N,N,N,N,MOP,Y,N,N,Y,N,Y,N,N,LC,N,,0,0,0,,
Phyllostomus_hastatus,Greater Spear-nosed Bat,4.1,0.01594,0.0950,0.1677894737,N,Y,1.0,2.4,16.0,,N,N,Y,N,N,Y,N,N,N,HAR,Y,N,N,Y,Y,Y,N,Y,LC,,MC,0,0,0,,
Physeter_macrocephalus,Sperm Whale,15.3,1000,15000.0000,0.06666666667,Y,Y,1.0,24.0,108.0,210.0,N,N,Y,N,Y,Y,Y,N,Y,SSG,N,N,Y,N,N,N,N,N,VU,,SS,0,1,1,,
Pipistrellus_kuhlii,Kuhl's Pipistrelle,1.5,0.001575,0.0075,0.21,N,N,1.7,2.0,4.0,,N,N,Y,N,N,Y,N,Y,N,MMG,N,N,N,Y,N,N,N,N,LC,,"MC, DI",0,0,0,,
Pipistrellus_nathusii,Nathusius's Pipistrelle,,0.00231,0.0110,0.21,N,N,1.7,,3.5,3.5,N,Y,N,N,N,Y,N,Y,N,MMG,N,N,N,Y,N,N,N,N,LC,Y,"MA, OG, MC, DI",0,0,0,,
Pipistrellus_pipistrellus,Common Pipistrelle,1.5,0.00128,0.0065,0.1969230769,N,N,1.4,1.2,13.0,24.0,N,Y,Y,N,N,Y,N,Y,N,MMG,N,N,N,Y,N,N,N,N,LC,,"AS, SS, MC, DI",0,1,1,,
Pipistrellus_pygmaeus,Soprano Pipistrelle,1.4,0.0011,0.0060,0.1875,N,N,1.7,1.4,5.5,15.2,N,N,N,N,N,N,N,N,N,SO,N,N,N,Y,N,N,N,N,LC,N,"MC, DI",0,0,0,,
Plecotus_auritus,Brown Long-eared Bat,2.2,0.00209,0.0080,0.26125,N,N,1.2,1.4,11.7,12.2,N,N,Y,N,N,Y,Y,N,N,FEG,N,N,N,Y,N,N,N,N,LC,,"SMG, MC",0,1,1,,
Pongo_abelii,Sumatran Orangutan,8.5,1.6719,37.5000,0.0445848,Y,Y,1.1,84.0,126.0,144.0,Y,N,N,N,N,N,N,N,N,SO,Y,N,N,Y,Y,Y,N,Y,CR,Y,OG,1,1,1,,
Pongo_pygmaeus,Bornean Orangutan,8.5,1.6442,37.5000,0.04384533333,Y,Y,1.1,84.0,126.0,144.0,Y,N,N,N,N,N,N,N,N,SO,Y,N,N,Y,Y,Y,N,Y,CR,Y,OG,1,1,1,,
Potamochoerus_porcus,Red River Hog,4.1,0.75,60.0000,0.0125,Y,N,3.0,3.0,21.0,21.0,N,Y,Y,N,N,Y,N,N,N,HAR,Y,N,N,N,Y,Y,Y,Y,LC,,,0,0,0,,
Prionailurus_bengalensis,Leopard Cat,2.2,0.102,4.1000,0.02487804878,N,N,2.5,,10.0,10.0,Y,Y,N,N,N,N,N,N,N,SO,N,Y,N,Y,N,N,N,N,LC,N,,0,0,0,,
Procavia_capensis,Rock Hyrax,7.6,0.195,3.6000,0.05416666667,N,N,2.5,3.0,16.7,16.7,N,Y,Y,Y,Y,Y,N,N,N,HAR,Y,N,N,N,Y,Y,N,N,LC,,SS,0,0,0,,
Piliocolobus_badius,Western Red Colobus,6.6,,7.5000,,N,Y,1.0,25.0,49.4,49.1,Y,,Y,N,N,Y,N,Y,N,MMG,Y,N,N,N,Y,Y,N,N,EN,,,0,0,1,,
Procyon_lotor,Raccoon,2.1,0.08246,5.5500,0.01485765766,N,N,3.1,3.8,12.2,12.2,Y,Y,N,N,N,N,N,N,N,SO,N,N,Y,Y,Y,Y,Y,Y,LC,Y,OG,1,1,1,,
Propithecus_diadema,Diademed Sifaka,6.0,0.13499,6.2500,0.0215984,N,Y,1.0,8.7,54.0,56.1,N,Y,Y,N,N,Y,N,Y,N,MMG,Y,N,N,N,Y,Y,N,N,CR,,,0,0,0,,
Propithecus_verreauxi,Verreaux's Sifaka,5.5,0.10265,2.9000,0.03539655172,N,Y,1.0,5.9,31.5,30.4,N,Y,Y,Y,Y,Y,N,Y,N,MMG,Y,N,N,N,Y,Y,N,N,CR,,,1,1,1,,
Psammomys_obesus,Fat Sand Rat,0.8,0.0062,0.1450,0.04275862069,N,N,4.8,0.5,4.5,4.5,Y,Y,N,N,N,N,N,N,N,SO,Y,N,N,N,Y,Y,N,N,LC,N,,0,0,0,,
Pseudocheirus_peregrinus,Common Ringtail Possum,0.7,0.00029,0.9500,0.0003052631579,N,N,1.9,6.0,13.0,12.5,Y,Y,N,Y,N,N,N,N,N,MOP,Y,N,N,N,Y,N,N,N,LC,N,MC,0,0,0,,
Pseudorca_crassidens,False Killer Whale,15.4,80,1050.0000,0.07619047619,Y,Y,1.0,18.3,104.0,112.0,Y,N,Y,N,Y,Y,N,Y,N,MMG,N,Y,Y,N,N,N,N,N,NT,,,0,0,0,,
Pteronura_brasiliensis,Giant Otter,2.3,0.20425,24.0000,0.008510416667,N,N,2.1,9.0,24.3,24.3,N,Y,Y,Y,Y,Y,N,N,N,HAR,N,N,Y,N,N,N,N,Y,EN,,"DI, SS",0,0,0,,
Pteropus_poliocephalus,Gray-headed Flying Fox,6.3,0.07,0.8000,0.0875,N,Y,1.0,3.5,17.9,18.0,N,Y,Y,N,N,Y,N,Y,N,MMG,Y,N,N,N,Y,Y,N,N,VU,,SH,1,1,1,,
Puma_concolor,Cougar,3.1,0.6,41.0000,0.01463414634,N,N,2.8,1.6,20.0,24.0,Y,Y,N,N,N,N,N,N,N,SO,N,Y,N,N,N,N,N,N,LC,N,,1,0,1,,
Rangifer_tarandus,Reindeer,7.6,6.5,82.5000,0.07878787879,Y,N,1.5,4.3,23.2,22.7,N,N,Y,N,N,Y,Y,N,Y,SSG,Y,N,N,N,N,N,N,Y,VU,,,1,1,1,,
Raphicerus_campestris,Steenbok,5.7,0.92,11.4500,0.08034934498,Y,Y,1.0,3.0,6.5,8.1,Y,Y,N,N,N,N,N,N,N,SO,Y,N,N,N,Y,Y,N,N,LC,N,AS,0,0,0,,
Rattus_exulans,Pacific Rat,0.8,0.00243,0.0410,0.05926829268,N,N,3.7,0.6,3.0,,Y,,,,,,,,,#N/A,Y,N,N,Y,Y,Y,Y,Y,LC,#N/A,,0,0,0,,
Rattus_fuscipes,Australian Bush Rat,0.8,0.00424,0.1250,0.03392,N,N,4.6,0.7,4.0,4.0,Y,Y,N,Y,N,N,N,N,N,MOP,Y,N,N,Y,Y,Y,N,N,LC,N,DI,0,0,0,,
Rattus_norvegicus,Brown Rat,0.7,0.0058,0.3700,0.01567567568,N,N,5.0,1.0,2.8,3.1,Y,N,Y,N,N,Y,N,Y,N,MMG,Y,N,N,Y,Y,Y,Y,Y,LC,,SS,1,1,1,,
Rattus_rattus,Roof Rat,0.7,0.00453,0.1920,0.02359375,N,N,5.9,1.0,3.4,3.7,Y,N,Y,N,N,Y,N,Y,N,MMG,Y,N,N,Y,Y,Y,Y,Y,LC,,SS,0,0,0,,
Rhabdomys_pumilio,Xeric Four-striped Grass Rat,0.8,0.0025,0.0390,0.0641025641,N,N,5.6,0.5,1.5,2.5,N,Y,N,N,N,N,N,N,N,SO,Y,N,N,Y,N,N,N,N,LC,N,,0,0,0,,
Rhinolophus_ferrumequinum,Greater Horseshoe Bat,2.1,0.00564,0.0285,0.1978947368,N,Y,1.0,1.7,36.0,36.0,N,Y,Y,N,N,Y,N,Y,Y,MBG,N,N,N,Y,N,N,N,N,LC,,"SH, AS, DI, MC",0,1,1,,
Rhinopithecus_roxellana,Golden Snub-nosed Monkey,6.6,,8.0000,,Y,Y,1.0,,60.0,60.0,N,N,Y,Y,Y,Y,N,N,Y,HBG,Y,N,N,N,Y,Y,N,Y,EN,,,1,1,1,,
Rousettus_aegyptiacus,Egyptian Rousette,3.5,0.021,0.1340,0.1567164179,N,Y,1.1,2.4,12.2,12.2,Y,N,Y,N,N,Y,N,Y,Y,MBG,Y,N,N,Y,Y,N,N,N,LC,,MC,0,0,0,,
Rupicapra_pyrenaica,Pyrenean Chamois,5.6,2.4000,26.0000,0.09230769231,N,Y,1.0,2.5,22.5,22.3,N,N,Y,N,N,Y,N,N,Y,HBG,Y,N,N,N,N,N,N,N,LC,,,0,1,1,,
Rupicapra_rupicapra,Alpine Chamois,5.6,2.25,33.0000,0.06818181818,N,Y,1.0,2.5,22.5,22.3,N,N,Y,N,N,Y,N,N,N,HAR,Y,N,N,N,N,N,N,N,LC,,,0,0,0,,
Saguinus_mystax,Moustached Tamarin,5.1,0.04665,0.5050,0.09237623762,N,N,1.9,5.7,17.4,18.0,Y,Y,Y,N,N,Y,N,Y,N,MMG,N,N,N,Y,Y,Y,N,Y,LC,,,1,1,1,,
Saguinus_oedipus,Cottontop Tamarin,6.1,0.041,0.4041,0.1014600346,N,N,1.9,1.7,18.6,16.9,Y,Y,Y,N,N,Y,N,Y,N,MMG,Y,N,N,Y,Y,Y,N,Y,CR,,SH,1,1,1,,
Saiga_tatarica,Steppe Saiga,4.7,3.4,31.1500,0.1091492777,Y,N,1.5,4.0,7.0,19.0,N,Y,Y,N,N,Y,N,Y,N,MMG,Y,N,N,N,N,N,N,N,NT,,,0,0,0,,
Saimiri_sciureus,Common Squirrel Monkey,5.2,0.1075,0.8750,0.1228571429,N,Y,1.0,5.9,30.0,54.0,N,N,Y,N,Y,Y,N,Y,N,MMG,N,N,N,Y,Y,Y,N,Y,LC,,,1,1,1,,
Sarcophilus_harrisii,Tasmanian Devil,0.7,0.000005,7.0000,0.0000007142857143,Y,N,2.9,8.0,24.4,24.3,N,N,N,N,N,N,N,N,N,SO,N,Y,N,N,N,N,Y,N,EN,N,,0,0,1,,
Sciurus_carolinensis,Eastern Gray Squirrel,1.5,0.01517,0.5050,0.03003960396,N,N,3.0,2.3,11.3,13.4,N,Y,Y,N,Y,Y,Y,N,Y,SSG,Y,N,N,Y,Y,Y,Y,Y,LC,,"SMG, SS",1,1,1,,
Sciurus_niger,Eastern Fox Squirrel,1.5,0.0150,0.9500,0.01583157895,N,N,3.0,2.8,11.9,11.8,N,Y,Y,N,N,Y,N,Y,Y,MBG,Y,N,N,Y,Y,Y,N,Y,LC,,"SMG, AS, SS",0,0,0,,
Sciurus_vulgaris,Eurasian Red Squirrel,1.3,0.00883,0.3575,0.0246993007,N,N,4.5,2.3,10.0,10.1,N,Y,Y,N,N,Y,N,Y,N,MMG,Y,N,N,Y,Y,Y,Y,Y,LC,,"SMG, AS, SS",0,0,0,,
Semnopithecus_entellus,Northern Plains Gray Langur,6.6,0.49983,12.8000,0.03904921875,N,Y,1.0,12.5,48.0,48.0,Y,N,Y,Y,Y,Y,N,Y,Y,MBG,Y,N,N,Y,Y,Y,N,N,LC,,"SS, SH",1,1,1,,
Setonix_brachyurus,Quokka,0.9,0.00036,2.5000,0.000144,N,Y,1.0,8.3,9.0,13.0,Y,Y,N,N,N,N,N,N,N,SO,Y,N,N,N,N,N,N,N,VU,Y,"OG, SMG",0,0,1,,
Sigmodon_hispidus,Hispid Cotton Rat,0.9,0.0066,0.1500,0.044,N,N,6.0,0.4,1.3,2.5,Y,Y,N,N,N,N,N,N,N,SO,Y,N,N,Y,N,Y,N,N,LC,N,,0,0,0,,
Sorex_araneus,Common Shrew,0.8,0.00042,0.0098,0.04307692308,N,N,6.6,0.7,10.9,11.2,N,Y,N,N,N,N,N,N,N,SO,N,N,N,Y,N,Y,N,Y,LC,N,,0,0,0,,
Sorex_minutus,Eurasian Pygmy Shrew,0.8,0.00022,0.0048,0.04583333333,N,N,6.0,0.8,10.9,11.0,N,N,N,N,N,N,N,N,N,SO,N,N,N,Y,N,Y,N,N,LC,N,,0,0,0,,
Sotalia_fluviatilis,Tucuxi,10.2,,52.0000,,N,Y,1.0,,73.1,73.1,N,N,Y,N,Y,Y,N,Y,N,MMG,N,N,Y,N,N,N,N,N,EN,,,0,0,0,,
Sousa_chinensis,Indo-Pacific Humpbacked Dolphin,11.0,,265.0000,,N,Y,1.0,24.0,115.7,152.2,Y,N,Y,N,Y,Y,N,Y,N,MMG,N,N,Y,N,N,N,N,N,VU,,SS,0,0,0,,
Nannospalax_ehrenbergi,Middle East Blind Mole Rat,1.0,0.0050,0.1500,0.0333,N,N,3.2,1.7,12.0,,N,Y,N,N,N,N,N,N,N,SO,Y,N,N,Y,N,Y,N,N,LC,N,,0,0,0,,
Otospermophilus_beecheyi,California Ground Squirrel,0.9,0.00929,0.5085,0.01826941986,N,N,6.7,1.8,12.0,12.2,N,N,N,N,N,N,N,N,N,SO,Y,N,N,Y,N,Y,Y,Y,LC,Y,OG,0,0,0,,
Urocitellus_beldingi,Belding's Ground Squirrel,0.9,0.00686,0.2652,0.02586726998,N,N,5.7,0.8,12.9,14.0,N,Y,Y,N,Y,Y,Y,N,N,FEG,Y,N,N,Y,N,Y,Y,Y,LC,,,0,0,0,,
Urocitellus_columbianus,Columbian Ground Squirrel,0.8,0.0091,0.4414,0.02061622111,N,N,3.5,1.1,19.4,20.9,N,Y,Y,N,,Y,,,N,#N/A,Y,N,N,Y,N,Y,Y,Y,LC,,,0,0,0,,
Urocitellus_richardsonii,Richardson's Ground Squirrel,0.8,0.0068,0.3550,0.01915492958,N,N,7.4,1.3,11.4,11.4,N,Y,N,N,N,N,N,N,N,SO,Y,N,N,Y,N,Y,Y,N,LC,N,SMG,0,0,0,,
Stenella_attenuata,Pantropical Spotted Dolphin,11.5,10,113.0000,0.08849557522,N,Y,1.0,18.0,120.0,162.0,Y,N,Y,N,Y,Y,N,Y,Y,MBG,N,N,Y,N,N,N,N,N,LC,,,0,0,0,,
Stenella_coeruleoalba,Striped Dolphin,12.6,12.5,144.0000,0.08680555556,N,N,1.8,15.2,108.0,132.0,Y,N,Y,N,Y,Y,N,Y,Y,MBG,N,N,Y,N,N,N,N,N,LC,,,1,1,1,,
Stenella_frontalis,Atlantic Spotted Dolphin,11.7,,126.0000,,N,Y,1.0,30.0,138.0,160.0,Y,N,Y,N,Y,Y,N,Y,Y,MBG,N,N,Y,N,N,N,N,N,LC,,,0,0,0,,
Stenella_longirostris,Spinner Dolphin,10.3,7.5000,60.0000,0.125,Y,Y,1.0,15.5,66.0,102.0,N,N,Y,N,Y,Y,N,Y,Y,MBG,N,N,Y,N,N,N,N,N,LC,,,1,1,1,,
Suricata_suricatta,Meerkat,2.3,0.0305,0.7950,0.03836477987,N,N,4.1,1.9,12.2,12.2,Y,Y,Y,Y,Y,Y,N,Y,N,MMG,N,N,N,Y,N,N,N,Y,LC,,,0,0,0,,
Sus_scrofa,Wild Boar,4.0,0.875,110.0000,0.007954545455,Y,N,6.5,3.3,18.0,18.0,Y,N,Y,N,N,Y,Y,N,N,FEG,Y,N,N,Y,Y,Y,Y,Y,LC,,,0,0,0,,
Sylvicapra_grimmia,Bush Duiker,6.8,1.7,18.3000,0.09289617486,Y,Y,1.0,3.0,9.8,16.0,Y,Y,N,N,N,N,N,N,N,SO,Y,N,N,N,Y,Y,N,Y,LC,N,,0,0,0,,
Sylvilagus_floridanus,Eastern Cottontail,0.9,0.03415,1.1500,0.02969565217,N,N,3.5,0.8,4.1,3.5,Y,N,N,N,N,N,N,N,N,SO,Y,N,N,N,N,N,N,N,LC,N,,0,1,1,,
Symphalangus_syndactylus,Siamang,7.0,0.54,10.3000,0.05242718447,N,Y,1.0,12.0,102.0,102.0,Y,Y,N,Y,N,N,N,N,N,MOP,Y,N,N,Y,Y,N,N,N,EN,N,SMG,0,1,1,,
Syncerus_caffer,Cape Buffalo,11.5,45,485.0000,0.09278350515,N,Y,1.1,10.0,43.0,55.8,Y,N,Y,N,Y,Y,N,Y,Y,MBG,Y,N,N,N,N,N,N,N,NT,,SS,1,1,1,,
Tachyglossus_aculeatus,Short-beaked Echidna,0.6,0.00037,4.0000,0.0000925,N,Y,1.0,5.9,18.4,18.3,N,N,N,N,N,N,N,N,N,SO,N,N,N,Y,N,N,N,N,LC,N,,0,0,0,,
Tadarida_brasiliensis,Brazilian Free-tailed Bat,2.8,0.00319,0.0125,0.2552,N,Y,1.5,1.8,11.2,18.2,N,N,Y,N,N,Y,N,Y,N,MMG,N,N,N,Y,N,N,N,N,LC,,"AS, MC",0,0,0,,
Talpa_europaea,European Mole,0.9,0.00324,0.0890,0.03640449438,N,N,3.9,1.0,10.9,10.9,N,Y,N,N,N,N,N,N,N,SO,N,N,N,Y,N,N,N,N,LC,N,,0,0,0,,
Tamias_striatus,Eastern Chipmunk,1.0,0.0034,0.0970,0.03505154639,N,N,4.2,1.2,3.0,7.5,N,Y,N,N,N,N,N,N,N,SO,N,Y,N,Y,Y,Y,N,N,LC,N,,0,0,0,,
Tamiasciurus_hudsonicus,Red Squirrel,1.1,0.00689,0.2130,0.03234741784,N,N,3.9,3.3,11.4,11.9,N,Y,N,N,N,N,N,N,N,SO,Y,N,N,Y,Y,Y,Y,Y,LC,N,SMG,1,1,1,,
Tapirus_terrestris,South American Tapir,13.4,4.5,250.0000,0.018,N,Y,1.0,4.0,19.0,19.0,Y,N,N,N,N,N,N,N,N,SO,Y,N,N,N,Y,N,N,N,VU,N,,0,0,0,,
Taxidea_taxus,American Badger,1.4,0.09349,6.8000,0.01374852941,N,Y,2.8,1.4,4.0,14.7,N,N,N,N,N,N,N,N,N,SO,N,Y,N,Y,N,N,Y,N,LC,N,DI,0,0,0,,
Tayassu_pecari,White-lipped Peccary,5.3,1.25,32.5000,0.03846153846,N,N,2.0,6.0,20.3,18.3,Y,N,Y,N,Y,Y,N,Y,N,MMG,Y,N,Y,Y,Y,Y,Y,Y,VU,,,1,1,1,,
Theropithecus_gelada,Gelada,6.1,0.46492,14.0000,0.03320857143,Y,Y,1.0,15.7,46.7,73.0,Y,N,Y,N,N,Y,N,N,Y,HBG,Y,N,N,Y,Y,Y,N,Y,LC,,,1,1,1,,
Trachypithecus_obscurus,Dusky Leaf-monkey,5.0,0.33918,6.8000,0.04987941176,N,Y,1.0,12.1,48.7,,Y,,Y,Y,Y,Y,N,Y,Y,MBG,Y,N,N,N,Y,Y,N,Y,EN,,"SS, SH",0,0,0,,
Tragelaphus_scriptus,Western Bushbuck,6.1,3.4,42.0000,0.08095238095,Y,Y,1.0,5.0,16.5,15.0,Y,Y,N,N,N,N,N,N,N,SO,Y,N,N,N,Y,N,N,N,LC,N,,0,0,0,,
Tragelaphus_strepsiceros,Greater Kudu,9.0,15.36657,165.0000,0.09313072727,Y,Y,1.0,6.1,18.7,22.0,N,N,Y,N,Y,Y,Y,N,Y,SSG,Y,N,N,N,Y,Y,N,N,LC,,,0,0,0,,
Trichechus_manatus,West Indian Manatee,13.0,29.63699,,,N,Y,1.2,15.2,50.0,30.4,Y,N,Y,N,N,Y,N,Y,Y,MBG,Y,N,N,N,N,N,N,N,VU,,,0,1,1,,
Trichosurus_vulpecula,Common Brush-tailed Possum,0.6,0.0002,2.8500,0.0000701754386,N,Y,1.0,6.4,12.3,,Y,Y,N,N,N,N,N,N,N,SO,Y,N,N,N,Y,N,N,N,LC,N,,0,1,1,,
Tursiops_aduncus,Indo-Pacific Bottlenose Dolphin,12.2,,210.0000,,N,Y,1.0,,162.0,150.0,Y,N,Y,N,Y,Y,N,Y,Y,MBG,N,N,Y,N,N,N,N,N,NT,,SS,1,1,1,,
Tursiops_truncatus,Bottlenose Dolphin,12.2,30,385.0000,0.07792207792,N,Y,1.0,19.0,110.0,136.0,Y,N,Y,N,Y,Y,N,Y,Y,MBG,N,N,Y,N,N,N,N,N,LC,,SS,1,1,1,,
Urocyon_cinereoargenteus,Northern Gray Fox,2.0,0.10368,3.0000,0.03456,N,N,3.7,2.0,10.0,10.0,N,Y,N,Y,N,N,N,N,N,MOP,N,Y,N,Y,Y,Y,Y,N,LC,N,,0,0,0,,
Ursus_americanus,American Black Bear,2.5,0.325,95.0000,0.003421052632,N,N,2.4,7.5,42.6,42.6,N,N,N,N,N,N,N,N,N,SO,Y,Y,Y,Y,Y,Y,Y,N,LC,N,DI,1,1,1,,
Ursus_arctos,Brown Bear,1.8,0.49999,165.0000,0.003030242424,Y,N,2.2,6.6,44.0,43.8,N,N,N,N,N,N,N,N,N,SO,Y,Y,Y,Y,Y,Y,Y,N,LC,N,DI,1,1,1,,
Ursus_maritimus,Polar Bear,3.0,0.67048,200.0000,0.0033524,Y,N,1.7,22.0,57.8,57.8,N,N,N,N,N,N,N,N,N,SO,N,Y,N,N,N,N,Y,N,VU,N,DI,0,0,1,,
Ursus_thibetanus,Asian Black Bear,2.0,0.3575,87.5000,0.004085714286,N,N,1.5,3.0,33.8,36.5,N,N,N,N,N,N,N,N,N,SO,Y,N,N,Y,Y,Y,N,Y,VU,N,DI,0,0,0,,
Varecia_variegata,Black-and-white Ruffed Lemur,3.4,0.09369,3.7000,0.02532162162,N,N,2.2,3.4,21.8,36.0,N,Y,Y,,Y,Y,,,,#N/A,Y,N,N,N,Y,Y,N,N,CR,,,1,1,1,,
Vombatus_ursinus,Common Wombat,1.0,0.00049,31.0000,0.00001580645161,N,Y,1.0,15.0,24.8,24.3,Y,N,N,N,N,N,N,N,N,SO,Y,N,N,N,N,N,N,N,LC,N,,0,0,0,,
Vulpes_velox,Swift Fox,1.7,0.03994,1.9500,0.02048205128,N,N,4.3,1.6,12.2,12.2,N,Y,N,Y,Y,N,N,N,N,MOP,N,Y,N,Y,Y,Y,Y,N,LC,Y,OG,0,0,0,,
Wallabia_bicolor,Swamp Wallaby,1.2,0.0006,12.8000,0.000046875,N,Y,1.0,15.0,16.0,16.0,Y,N,N,N,N,N,N,N,N,SO,Y,N,N,N,N,N,N,N,LC,Y,"OG, SMG",0,1,1,,
Zalophus_californianus,California Sealion,11.5,6.34789,110.0000,0.05770809091,Y,Y,1.0,10.6,54.8,60.9,N,N,N,N,N,Y,N,Y,Y,MBG,N,N,Y,N,N,N,N,N,LC,Y,"MA, AS, OG",0,1,1,,
Ziphius_cavirostris,Cuvier's Beaked Whale,12.2,,3000.0000,,Y,Y,1.0,13.0,,,,N,Y,N,Y,Y,Y,N,N,FEG,N,N,Y,N,N,N,N,N,LC,,,0,0,0,,