Species,FSSB,MSSB,SSB
Abrocoma_bennetti,0,0,0
Abrothrix_longipilis,0,0,0
Abrothrix_olivaceus,0,0,0
Acerodon_celebensis,0,0,0
Acinonyx_jubatus,1,1,1
Acomys_cahirinus,0,0,0
Acomys_dimidiatus,0,0,0
Acomys_russatus,0,0,0
Acomys_spinosissimus,0,0,0
Acomys_subspinosus,0,0,0
Acomys_wilsoni,0,0,0
Aconaemys_fuscus,0,0,0
Aconaemys_porteri,0,0,0
Acrobates_pygmaeus,0,0,0
Aepyceros_melampus,0,0,0
Aepyprymnus_rufescens,1,0,1
Aethomys_chrysophilus,0,0,0
Aethomys_hindei,0,0,0
Aethomys_namaquensis,0,0,0
Ailuropoda_melanoleuca,0,0,0
Ailurops_ursinus,0,0,0
Ailurus_fulgens,0,0,0
Akodon_aliquantulus,0,0,0
Akodon_azarae,0,0,0
Akodon_cursor,0,0,0
Akodon_dolores,0,0,0
Akodon_iniscatus,0,0,0
Akodon_molinae,0,0,0
Akodon_simulator,0,0,0
Akodon_spegazzinii,0,0,0
Alcelaphus_buselaphus,1,0,1
Alcelaphus_caama,0,0,0
Alcelaphus_lichtensteinii,0,0,0
Alces_alces,1,1,1
Alces_americanus,1,1,1
Allactaga_bullata,0,0,0
Allactaga_elater,0,0,0
Allactaga_euphratica,0,0,0
Allactaga_sibirica,0,0,0
Allactaga_williamsi,0,0,0
Alopex_lagopus,0,0,0
Alouatta_belzebul,0,0,0
Alouatta_caraya,0,0,0
Alouatta_guariba,0,0,0
Alouatta_palliata,0,0,0
Alouatta_pigra,0,0,0
Alouatta_seniculus,0,0,0
Alticola_roylei,0,0,0
Amblysomus_hottentotus,0,0,0
Ammodorcas_clarkei,0,0,0
Ammospermophilus_harrisi,0,0,0
Ammospermophilus_harrisii,0,0,0
Ammospermophilus_interpres,0,0,0
Ammospermophilus_leucurus,0,0,0
Ammotragus_lervia,1,1,1
Anathana_ellioti,0,0,0
Anomalurus_derbianus,0,0,0
Anomalurus_pusillus,0,0,0
Anourosorex_squamipes,0,0,0
Antechinus_agilis,0,0,0
Antechinus_bellus,0,0,0
Antechinus_flavipes,0,0,0
Antechinus_godmani,0,0,0
Antechinus_leo,0,0,0
Antechinus_minimus,0,0,0
Antechinus_stuartii,1,1,1
Antechinus_swainsonii,0,0,0
Antidorcas_marsupialis,0,0,0
Antilocapra_americana,1,1,1
Antilope_cervicapra,1,1,1
Antrozous_pallidus,0,0,0
Aonyx_capensis,0,0,0
Aonyx_cinerea,0,0,0
Aonyx_congicus,0,0,0
Aotus_azarae,0,0,0
Aotus_lemurinus,0,0,0
Aotus_nancymaae,0,0,0
Aotus_nigriceps,0,0,0
Aotus_trivirgatus,0,0,0
Aotus_vociferans,0,0,0
Aplodontia_rufa,0,0,0
Apodemus_agrarius,0,0,0
Apodemus_flavicollis,0,0,0
Apodemus_mystacinus,0,0,0
Apodemus_peninsulae,0,0,0
Apodemus_rusiges,0,0,0
Apodemus_sylvaticus,0,0,0
Apodemus_uralensis,0,0,0
Apodemus_witherbyi,0,0,0
Apomys_musculus,0,0,0
Aproteles_bulmerae,0,0,0
Arborimus_longicaudus,0,0,0
Archboldomys_luzonensis,0,0,0
Arctictis_binturong,0,0,0
Arctocebus_calabarensis,0,0,0
Arctocephalus_australis,0,0,0
Arctocephalus_forsteri,0,0,0
Arctocephalus_galapagoensis,0,0,0
Arctocephalus_gazella,0,0,0
Arctocephalus_pusillus,0,0,0
Arctocephalus_townsendi,0,0,0
Arctocephalus_tropicalis,0,0,0
Arctonyx_collaris,0,0,0
Arvicanthis_abyssinicus,0,0,0
Arvicanthis_niloticus,0,0,0
Arvicola_amphibius,0,0,0
Arvicola_scherman,0,0,0
Asellia_tridens,0,0,0
Atelerix_albiventris,0,0,0
Ateles_belzebuth,0,0,0
Ateles_chamek,0,0,0
Ateles_geoffroyi,0,1,1
Ateles_hybridus,0,0,0
Ateles_paniscus,0,0,0
Atherurus_africanus,0,0,0
Atilax_paludinosus,0,0,0
Auliscomys_pictus,0,0,0
Avahi_laniger,0,0,0
Avahi_occidentalis,0,0,0
Axis_axis,0,1,1
Axis_kuhlii,0,0,0
Axis_porcinus,0,0,0
Babyrousa_babyrussa,0,0,0
Baiomys_musculus,0,0,0
Baiomys_taylori,0,0,0
Balaena_mysticetus,1,1,1
Balaenoptera_acutorostrata,0,0,0
Balaenoptera_borealis,0,0,0
Balaenoptera_edeni,0,0,0
Balaenoptera_musculus,0,0,0
Balaenoptera_physalus,0,0,1
Bandicota_bengalensis,0,0,0
Bandicota_indica,0,0,0
Barbastella_barbastellus,0,1,1
Bassaricyon_beddardi,0,0,0
Bassaricyon_gabbii,0,0,0
Bassaricyon_neblina,0,0,0
Bassariscus_astutus,0,0,0
Bassariscus_sumichrasti,0,0,0
Bathyergus_suillus,0,0,0
Batomys_granti,0,0,0
Bdeogale_nigripes,0,0,0
Beatragus_hunteri,0,0,0
Bettongia_gaimardi,1,0,1
Bettongia_lesueur,0,0,0
Bettongia_penicillata,0,0,0
Bettongia_tropica,0,0,0
Bison_bison,1,1,1
Bison_bonasus,1,1,1
Blarina_brevicauda,0,0,0
Blarina_carolinensis,0,0,0
Blastocerus_dichotomus,0,0,0
Bos_gaurus,0,0,0
Bos_indicus,0,0,0
Bos_javanicus,1,1,1
Bos_mutus,0,0,0
Bos_primigenius,1,0,1
Bos_taurus,0,0,0
Boselaphus_tragocamelus,0,0,0
Brachylagus_idahoensis,0,0,0
Brachyphylla_cavernarum,0,0,0
Brachyteles_arachnoides,0,0,0
Brachyteles_hypoxanthus,0,0,0
Bradypus_tridactylus,0,0,0
Bradypus_variegatus,0,0,0
Bubalus_arnee,1,0,1
Bubalus_bubalis,0,0,0
Bubalus_mindorensis,0,0,0
Budorcas_taxicolor,0,0,0
Burramys_parvus,0,0,0
Cabassous_unicinctus,0,0,0
Cacajao_calvus,0,0,0
Callicebus_cupreus,0,0,0
Callicebus_hoffmannsi,0,0,0
Callicebus_moloch,0,0,0
Callicebus_nigrifrons,0,0,0
Callicebus_personatus,0,0,0
Callicebus_torquatus,0,0,0
Callimico_goeldii,0,0,0
Callithrix_argentata,0,0,0
Callithrix_aurita,0,0,0
Callithrix_flaviceps,0,0,0
Callithrix_geoffroyi,0,0,0
Callithrix_humeralifera,0,0,0
Callithrix_intermedia,0,0,0
Callithrix_jacchus,0,1,1
Callithrix_kuhlii,0,0,0
Callithrix_pygmaea,0,0,0
Callorhinus_ursinus,1,1,1
Callosciurus_caniceps,0,0,0
Callosciurus_erythraeus,0,0,0
Callosciurus_nigrovittatus,0,0,0
Callosciurus_notatus,0,0,0
Calomys_callosus,0,0,0
Calomys_expulsus,0,0,0
Calomys_laucha,0,0,0
Calomys_musculinus,0,0,0
Calomys_tener,0,0,0
Calomys_tocantinsi,0,0,0
Calomyscus_bailwardi,0,0,0
Caluromys_derbianus,0,0,0
Caluromys_philander,0,0,0
Caluromysiops_irrupta,0,0,0
Camelus_dromedarius,1,0,1
Camelus_ferus,0,0,0
Canis_adustus,0,0,0
Canis_aureus,0,0,0
Canis_latrans,0,0,0
Canis_lupus,1,1,1
Canis_mesomelas,0,0,0
Canis_rufus,0,0,0
Canis_simensis,0,0,0
Cannomys_badius,0,0,0
Capra_aegagrus,0,1,1
Capra_caucasica,0,0,0
Capra_cylindricornis,0,0,0
Capra_falconeri,0,1,1
Capra_hircus,0,0,0
Capra_ibex,0,1,1
Capra_nubiana,0,0,0
Capra_pyrenaica,0,1,1
Capra_sibirica,1,1,1
Capra_walie,0,0,0
Capreolus_capreolus,0,1,1
Capreolus_pygargus,0,0,0
Capricornis_crispus,0,0,0
Capricornis_rubidus,0,0,0
Capricornis_sumatraensis,0,0,0
Capricornis_swinhoei,0,0,0
Capricornis_thar,0,0,0
Caracal_aurata,0,0,0
Caracal_caracal,0,0,0
Cardiocranius_paradoxus,0,0,0
Carollia_perspicillata,0,0,0
Castor_canadensis,0,0,0
Castor_fiber,0,0,0
Catagonus_wagneri,0,0,0
Cavia_aperea,1,1,1
Cavia_intermedia,1,1,1
Cavia_magna,0,0,0
Cavia_porcellus,0,0,0
Cebuella_pygmaea,0,0,0
Cebus_albifrons,0,1,1
Sapajus_apella,1,1,1
Cebus_capucinus,1,1,1
Cebus_libidinosus,0,0,0
Cebus_nigritus,0,0,0
Cebus_olivaceus,1,1,1
Cephalophus_adersi,0,0,0
Cephalophus_callipygus,0,0,0
Cephalophus_dorsalis,0,0,0
Cephalophus_jentinki,0,0,0
Cephalophus_leucogaster,0,0,0
Cephalophus_natalensis,0,0,0
Cephalophus_niger,0,0,0
Cephalophus_nigrifrons,0,0,0
Cephalophus_ogilbyi,0,0,0
Cephalophus_rufilatus,0,0,0
Cephalophus_silvicultor,0,0,0
Cephalophus_weynsi,0,0,0
Cephalorhynchus_commersonii,1,1,1
Cephalorhynchus_hectori,0,0,0
Ceratotherium_simum,0,0,0
Cercartetus_caudatus,0,0,0
Cercartetus_nanus,0,0,0
Cercocebus_atys,1,1,1
Cercocebus_galeritus,0,0,0
Cercocebus_torquatus,1,1,1
Cercopithecus_albogularis,0,0,0
Cercopithecus_ascanius,0,0,0
Cercopithecus_campbelli,0,0,0
Cercopithecus_cephus,0,0,0
Cercopithecus_diana,0,0,0
Cercopithecus_erythrotis,0,0,0
Cercopithecus_hamlyni,0,0,0
Cercopithecus_lhoesti,0,0,0
Cercopithecus_mitis,0,0,0
Cercopithecus_mona,0,1,1
Cercopithecus_neglectus,0,0,0
Cercopithecus_nictitans,0,0,0
Cercopithecus_petaurista,0,0,0
Cercopithecus_pogonias,0,0,0
Cercopithecus_preussi,0,0,0
Cercopithecus_pygerythrus,0,0,0
Cerdocyon_thous,0,0,0
Cervus_astylodon,1,1,1
Cervus_canadensis,0,0,0
Cervus_elaphus,1,1,1
Cervus_nippon,0,1,1
Chaetodipus_baileyi,0,0,0
Chaetodipus_californicus,0,0,0
Chaetodipus_fallax,0,0,0
Chaetodipus_formosus,0,0,0
Chaetodipus_hispidus,0,0,0
Chaetodipus_intermedius,0,0,0
Chaetodipus_nelsoni,0,0,0
Chaetodipus_penicillatus,0,0,0
Chaetophractus_vellerosus,0,0,0
Chaetophractus_villosus,0,0,0
Chalinolobus_gouldii,0,0,0
Cheirogaleus_major,0,0,0
Cheirogaleus_medius,0,0,0
Chelemys_macronyx,0,0,0
Chelemys_megalonyx,0,0,0
Chinchilla_lanigera,0,0,0
Chionomys_nivalis,0,0,0
Chironectes_minimus,0,0,0
Chiropotes_albinasus,0,0,0
Chiropotes_satanas,0,0,0
Chlorocebus_aethiops,1,1,1
Chlorocebus_pygerythrus,0,1,1
Chlorocebus_sabaeus,0,0,0
Chlorocebus_tantalus,0,0,0
Choeronycteris_mexicana,0,0,0
Choeropsis_liberiensis,0,0,0
Choloepus_didactylus,0,0,0
Choloepus_hoffmanni,0,0,0
Chrysochloris_asiatica,0,0,0
Chrysochloris_stuhlmanni,0,0,0
Chrysocyon_brachyurus,0,1,1
Chrysospalax_trevelyani,0,0,0
Civettictis_civetta,0,0,0
Clyomys_bishopi,0,0,0
Coendou_bicolor,0,0,0
Coendou_nycthemera,0,0,0
Coendou_prehensilis,0,0,0
Colobus_angolensis,0,0,0
Colobus_guereza,0,0,0
Colobus_polykomos,0,0,0
Colobus_satanas,0,0,0
Colobus_vellerosus,0,0,0
Condylura_cristata,0,0,0
Conepatus_chinga,0,0,0
Conepatus_humboldtii,0,0,0
Conepatus_leuconotus,0,0,0
Conepatus_semistriatus,0,0,0
Connochaetes_gnou,0,0,0
Connochaetes_taurinus,0,0,0
Corynorhinus_rafinesquii,0,1,1
Corynorhinus_townsendii,0,0,0
Cratogeomys_castanops,0,0,0
Cratogeomys_merriami,0,0,0
Cricetomys_emini,0,0,0
Cricetomys_gambianus,0,0,0
Cricetulus_barabensis,0,0,0
Cricetulus_migratorius,0,0,0
Cricetus_cricetus,0,0,0
Crocidura_allex,0,0,0
Crocidura_attila,0,0,0
Crocidura_crossei,0,0,0
Crocidura_dolichura,0,0,0
Crocidura_flavescens,0,0,0
Crocidura_fulvastra,0,0,0
Crocidura_fumosa,0,0,0
Crocidura_fuscomurina,0,0,0
Crocidura_hildegardeae,0,0,0
Crocidura_hirta,0,0,0
Crocidura_leucodon,0,0,0
Crocidura_nigeriae,0,0,0
Crocidura_olivieri,0,0,0
Crocidura_russula,0,0,0
Crocidura_suaveolens,0,0,0
Crocidura_virgata,0,0,0
Crocuta_crocuta,1,0,1
Crossarchus_alexandri,0,0,0
Crossarchus_obscurus,0,0,0
Crossarchus_platycephalus,0,0,0
Cryptomys_damarensis,0,0,0
Cryptomys_hottentotus,0,1,1
Cryptoprocta_ferox,0,0,0
Cryptotis_goldmani,0,0,0
Cryptotis_meridensis,0,0,0
Cryptotis_parva,0,0,0
Ctenomys_azarae,0,0,0
Ctenomys_haigi,0,0,0
Ctenomys_mendocinus,0,0,0
Ctenomys_opimus,0,0,0
Ctenomys_peruanus,0,0,0
Ctenomys_sociabilis,0,0,0
Ctenomys_talarum,0,0,0
Cuniculus_paca,0,0,0
Cuon_alpinus,0,1,1
Cyclopes_didactylus,0,0,0
Cynictis_penicillata,0,0,0
Cynocephalus_volans,0,0,0
Cynomys_gunnisoni,0,0,0
Cynomys_leucurus,0,0,0
Cynomys_ludovicianus,0,0,0
Cynomys_mexicanus,0,0,0
Cynomys_parvidens,0,0,0
Cynopterus_brachyotis,0,0,0
Cynopterus_sphinx,0,0,0
Cystophora_cristata,0,0,0
Dactylopsila_trivirgata,0,0,0
Dama_dama,1,0,1
Dama_mesopotamica,0,0,0
Damaliscus_korrigum,0,0,0
Damaliscus_lunatus,0,0,0
Damaliscus_pygargus,0,0,0
Dasymys_incomtus,0,0,0
Dasymys_rufulus,0,0,0
Dasyprocta_azarae,0,0,0
Dasyprocta_fuliginosa,0,0,0
Dasyprocta_leporina,0,0,0
Dasyprocta_mexicana,0,0,0
Dasyprocta_punctata,0,0,0
Dasypus_novemcinctus,0,0,0
Dasypus_sabanicola,0,0,0
Dasyurus_geoffroii,0,0,0
Dasyurus_hallucatus,1,1,1
Dasyurus_maculatus,0,0,0
Dasyurus_viverrinus,0,0,0
Daubentonia_madagascariensis,0,0,0
Delanymys_brooksi,0,0,0
Delphinapterus_leucas,0,1,1
Delphinus_capensis,0,0,0
Delphinus_delphis,0,0,0
Dendrohyrax_arboreus,0,0,0
Dendrohyrax_dorsalis,0,0,0
Dendrolagus_bennettianus,0,0,0
Dendrolagus_dorianus,1,0,1
Dendrolagus_inustus,0,0,0
Dendrolagus_lumholtzi,0,0,0
Dendrolagus_matschiei,1,0,1
Dendromus_insignis,0,0,0
Dendromus_melanotis,0,0,0
Dendromus_mesomelas,0,0,0
Dendromus_mystacalis,0,0,0
Desmodillus_auricularis,0,0,0
Desmodus_rotundus,1,1,1
Dicerorhinus_sumatrensis,0,0,0
Diceros_bicornis,0,0,0
Dicrostonyx_groenlandicus,0,1,1
Didelphis_albiventris,0,0,0
Didelphis_aurita,0,0,0
Didelphis_marsupialis,0,0,0
Didelphis_pernigra,0,0,0
Didelphis_virginiana,0,0,0
Dipodomys_agilis,0,0,0
Dipodomys_deserti,0,0,0
Dipodomys_elator,0,0,0
Dipodomys_heermanni,0,0,0
Dipodomys_ingens,0,0,0
Dipodomys_merriami,0,0,0
Dipodomys_microps,0,0,0
Dipodomys_nelsoni,0,0,0
Dipodomys_ordii,0,0,1
Dipodomys_spectabilis,0,0,0
Dipodomys_stephensi,0,0,0
Dipus_sagitta,0,0,0
Dobsonia_chapmani,0,0,0
Dobsonia_moluccensis,0,0,0
Dolichotis_patagonum,0,0,0
Dorcopsis_hageni,0,0,0
Dromiciops_gliroides,0,0,0
Dryomys_nitedula,0,0,0
Dugong_dugon,0,1,1
Dymecodon_pilirostris,0,0,0
Echimys_chrysurus,0,0,0
Echimys_semivillosus,0,0,0
Echinoprocta_rufescens,0,0,0
Echymipera_clara,0,0,0
Echymipera_kalubu,0,0,0
Eidolon_helvum,0,0,0
Eira_barbara,0,0,0
Elaphurus_davidianus,0,1,1
Elephantulus_brachyrhynchus,0,0,0
Elephantulus_edwardii,0,0,0
Elephantulus_myurus,0,0,0
Elephantulus_rufescens,0,0,0
Elephas_maximus,1,1,1
Eligmodontia_morgani,0,0,0
Eligmodontia_puerulus,0,0,0
Eligmodontia_typus,0,0,0
Eliomys_melanurus,0,0,0
Eliomys_quercinus,0,0,0
Ellobius_fuscocapillus,0,0,0
Ellobius_lutescens,0,0,0
Ellobius_talpinus,0,0,0
Ellobius_tancrei,0,0,0
Enhydra_lutris,0,1,1
Eoglaucomys_fimbriatus,0,0,0
Epixerus_ebii,0,0,0
Epomophorus_wahlbergi,0,0,0
Epomops_franqueti,0,0,0
Eptesicus_fuscus,0,0,0
Eptesicus_nilssonii,0,0,0
Eptesicus_serotinus,0,1,1
Equus_africanus,0,0,0
Equus_asinus,0,0,0
Equus_burchellii,0,0,0
Equus_ferus,0,1,1
Equus_grevyi,0,0,0
Equus_hemionus,0,0,0
Equus_kiang,0,0,0
Equus_przewalskii,1,1,1
Equus_quagga,1,1,1
Equus_zebra,1,1,1
Eremitalpa_granti,0,0,0
Erethizon_dorsatum,1,1,1
Erignathus_barbatus,0,0,0
Erinaceus_concolor,0,0,0
Erinaceus_europaeus,0,0,0
Erinaceus_roumanicus,0,0,0
Erythrocebus_patas,1,1,1
Eschrichtius_robustus,1,1,1
Eubalaena_australis,1,1,1
Eubalaena_glacialis,1,1,1
Eubalaena_japonica,0,0,0
Euchoreutes_naso,0,0,0
Eudorcas_rufifrons,0,0,0
Eudorcas_thomsonii,1,1,1
Eulemur_collaris,0,0,0
Eulemur_coronatus,0,0,0
Eulemur_fulvus,1,1,1
Eulemur_macaco,0,1,1
Eulemur_mongoz,0,0,0
Eulemur_rubriventer,0,0,0
Eulemur_rufus,0,0,0
Eumetopias_jubatus,0,0,0
Eumops_bonariensis,0,0,0
Eumops_perotis,0,0,0
Euneomys_chinchilloides,0,0,0
Euoticus_elegantulus,0,0,0
Eupetaurus_cinereus,0,0,0
Euphractus_sexcinctus,0,0,0
Felis_catus,0,0,0
Felis_chaus,0,0,0
Felis_margarita,0,0,0
Felis_nigripes,0,0,0
Felis_silvestris,0,1,1
Feresa_attenuata,0,0,0
Fossa_fossana,0,0,0
Funambulus_palmarum,0,0,0
Funambulus_pennantii,0,0,0
Funambulus_tristriatus,0,0,0
Funisciurus_anerythrus,0,0,0
Funisciurus_congicus,0,0,0
Funisciurus_isabella,0,0,0
Funisciurus_lemniscatus,0,0,0
Galago_alleni,0,0,0
Galago_demidoff,0,0,0
Galago_moholi,1,1,1
Galago_senegalensis,1,0,1
Galago_zanzibaricus,0,0,0
Galagoides_demidovii,0,0,0
Galea_leucoblephara,0,0,0
Galea_monasteriensis,0,0,0
Galea_musteloides,1,1,1
Galea_spixii,0,1,1
Galemys_pyrenaicus,0,0,0
Galeopterus_variegatus,0,0,0
Galerella_pulverulenta,0,0,0
Galerella_sanguinea,0,0,0
Galictis_cuja,0,0,0
Galidia_elegans,0,0,0
Gazella_bennettii,0,0,0
Gazella_cuvieri,0,0,0
Gazella_dorcas,0,0,0
Gazella_gazella,0,0,0
Gazella_subgutturosa,0,0,0
Genetta_genetta,0,0,0
Genetta_pardina,0,0,0
Genetta_poensis,0,0,0
Genetta_servalina,0,0,0
Genetta_tigrina,0,0,0
Geocapromys_ingrahami,0,0,0
Geomys_attwateri,0,0,0
Geomys_breviceps,0,0,0
Geomys_bursarius,0,0,0
Georychus_capensis,0,0,0
Geoxus_valdivianus,0,0,0
Gerbilliscus_kempi,0,0,0
Gerbilliscus_leucogaster,0,0,0
Gerbilliscus_robustus,0,0,0
Gerbillurus_paeba,0,0,0
Gerbillurus_tytonis,0,0,0
Gerbillurus_vallinus,0,0,0
Gerbillus_andersoni,0,0,0
Gerbillus_cheesmani,0,0,0
Gerbillus_dasyurus,0,0,0
Gerbillus_gerbillus,0,0,0
Gerbillus_henleyi,0,0,0
Gerbillus_mesopotamiae,0,0,0
Gerbillus_nanus,0,0,0
Gerbillus_pusillus,0,0,0
Gerbillus_pyramidum,0,0,0
Giraffa_camelopardalis,1,1,1
Glaucomys_sabrinus,0,0,0
Glaucomys_volans,0,0,0
Glis_glis,0,0,0
Globicephala_macrorhynchus,0,0,0
Globicephala_melas,0,0,0
Glossophaga_longirostris,0,0,0
Glossophaga_soricina,0,0,0
Golunda_ellioti,0,0,0
Gorilla_beringei,1,1,1
Gorilla_gorilla,1,1,1
Gracilinanus_agilis,0,0,0
Grammomys_dolichurus,0,0,0
Grampus_griseus,0,0,0
Graomys_centralis,0,0,0
Graomys_griseoflavus,0,0,0
Graphiurus_murinus,0,0,0
Gulo_gulo,0,0,0
Gymnobelideus_leadbeateri,0,0,0
Halichoerus_grypus,1,1,1
Hapalemur_griseus,0,0,0
Helarctos_malayanus,0,0,0
Heliophobius_argenteocinereus,0,0,0
Heliosciurus_rufobrachium,0,0,0
Helogale_parvula,1,1,1
Hemibelideus_lemuroides,0,0,0
Hemiechinus_auritus,1,0,1
Hemitragus_jemlahicus,0,0,1
Herpestes_edwardsii,0,0,0
Herpestes_ichneumon,0,0,0
Herpestes_javanicus,0,0,0
Herpestes_naso,0,0,0
Herpestes_pulverulentus,0,0,0
Herpestes_sanguineus,0,0,0
Herpestes_smithii,0,0,0
Herpestes_vitticollis,0,0,0
Heterocephalus_glaber,0,1,1
Heterohyrax_brucei,0,0,0
Heteromys_anomalus,0,0,0
Heteromys_desmarestianus,0,0,0
Hippocamelus_antisensis,0,0,0
Hippocamelus_bisulcus,0,0,0
Hippopotamus_amphibius,0,0,0
Hipposideros_armiger,0,0,0
Hipposideros_commersoni,0,0,0
Hippotragus_equinus,1,0,1
Hippotragus_niger,0,0,0
Holochilus_brasiliensis,0,0,0
Holochilus_chacarius,0,0,0
Holochilus_sciureus,0,0,0
Hoolock_hoolock,0,0,0
Parahyaena_brunnea,0,0,0
Hyaena_hyaena,0,0,0
Hybomys_trivirgatus,0,0,0
Hydrochoerus_hydrochaeris,0,0,0
Hydromys_chrysogaster,0,0,0
Hydropotes_inermis,0,0,0
Hydrurga_leptonyx,0,0,0
Hyemoschus_aquaticus,0,0,0
Hylaeamys_megacephalus,0,0,0
Hylobates_agilis,0,0,0
Hylobates_albibarbis,0,0,0
Hylobates_klossii,0,0,0
Hylobates_lar,0,1,1
Hylobates_moloch,0,0,0
Hylobates_muelleri,0,0,0
Hylobates_pileatus,0,0,0
Hylochoerus_meinertzhageni,0,0,0
Hylomys_suillus,0,0,0
Hylopetes_nigripes,0,0,0
Hypogeomys_antimena,0,0,0
Hypsiprymnodon_moschatus,0,0,0
Hystrix_africaeaustralis,0,0,0
Hystrix_brachyura,0,0,0
Hystrix_cristata,0,0,0
Hystrix_indica,0,0,0
Hystrix_pumila,0,0,0
Ichneumia_albicauda,0,0,0
Ictonyx_striatus,0,0,0
Idiurus_macrotis,0,0,0
Indri_indri,0,0,0
Inia_geoffrensis,0,1,1
Inia_humboldtiana,0,1,1
Irenomys_tarsalis,0,0,0
Isoodon_auratus,0,0,0
Isoodon_macrourus,0,0,0
Isoodon_obesulus,0,0,0
Jaculus_jaculus,0,0,0
Kerodon_rupestris,0,1,1
Kobus_defassa,1,0,1
Kobus_ellipsiprymnus,1,0,1
Kobus_kob,1,0,1
Kobus_leche,1,0,1
Kobus_megaceros,0,0,0
Kobus_vardonii,1,0,1
Kogia_breviceps,0,0,0
Lagenorhynchus_acutus,0,0,0
Lagenorhynchus_albirostris,0,0,0
Lagenorhynchus_australis,0,0,0
Lagenorhynchus_obliquidens,0,0,0
Lagenorhynchus_obscurus,0,0,0
Lagidium_peruanum,0,0,0
Lagorchestes_conspicillatus,0,0,0
Lagorchestes_hirsutus,0,0,0
Lagostomus_maximus,0,0,0
Lagostrophus_fasciatus,0,0,0
Lagothrix_lagotricha,0,0,0
Lagurus_lagurus,0,0,0
Lama_glama,0,0,0
Lama_guanicoe,0,0,0
Lasionycteris_noctivagans,0,0,0
Lasiopodomys_brandtii,0,0,0
Lasiopodomys_mandarinus,0,0,0
Lasiorhinus_krefftii,0,0,0
Lasiorhinus_latifrons,0,0,0
Lasiurus_borealis,0,0,0
Lasiurus_cinereus,0,0,0
Lasiurus_ega,0,0,0
Lasiurus_seminolus,0,0,0
Lasiurus_xanthinus,0,0,0
Leggadina_forresti,0,0,0
Lemmiscus_curtatus,0,0,0
Lemmus_lemmus,0,0,0
Lemmus_trimucronatus,0,0,0
Lemniscomys_griselda,0,0,0
Lemniscomys_striatus,0,0,0
Lemur_catta,0,0,0
Leontopithecus_chrysomelas,0,0,0
Leontopithecus_rosalia,1,1,1
Leopardus_colocolo,0,0,0
Leopardus_geoffroyi,0,0,0
Leopardus_pardalis,0,0,0
Leopardus_tigrinus,0,0,0
Leopardus_wiedii,0,0,0
Leopoldamys_sabanus,0,0,0
Lepilemur_edwardsi,0,0,0
Lepilemur_leucopus,0,0,0
Lepilemur_microdon,0,0,0
Lepilemur_mustelinus,0,0,0
Lepilemur_ruficaudatus,0,0,0
Lepilemur_septentrionalis,0,0,0
Leptailurus_serval,0,0,0
Leptonychotes_weddellii,0,0,0
Leptonycteris_yerbabuenae,0,0,0
Lepus_alleni,0,0,0
Lepus_americanus,0,0,0
Lepus_arcticus,0,0,0
Lepus_brachyurus,0,0,0
Lepus_californicus,0,0,0
Lepus_callotis,0,0,0
Lepus_capensis,0,0,0
Lepus_coreanus,0,0,0
Lepus_europaeus,0,0,0
Lepus_flavigularis,0,0,0
Lepus_granatensis,0,0,0
Lepus_microtis,0,0,0
Lepus_nigricollis,0,0,0
Lepus_othus,0,0,0
Lepus_saxatilis,0,0,0
Lepus_sinensis,0,0,0
Lepus_timidus,0,0,0
Lepus_tolai,0,0,0
Lepus_townsendii,0,0,0
Liomys_adspersus,0,0,0
Liomys_irroratus,0,0,0
Liomys_pictus,0,0,0
Liomys_salvini,0,0,0
Lipotes_vexillifer,0,0,0
Lissodelphis_borealis,0,0,0
Litocranius_walleri,0,0,0
Lobodon_carcinophaga,0,0,0
Lontra_canadensis,0,0,0
Lontra_felina,0,0,0
Lontra_longicaudis,0,0,0
Lophiomys_imhausi,0,0,0
Lophocebus_albigena,1,0,1
Lophostoma_silvicolum,0,0,0
Lophuromys_flavopunctatus,0,0,0
Lophuromys_sikapusi,0,0,0
Loris_lydekkerianus,0,0,0
Loris_tardigradus,0,0,0
Loxodonta_africana,1,1,1
Loxodonta_cyclotis,1,1,1
Loxodontomys_micropus,0,0,0
Lutra_lutra,0,0,0
Lutra_maculicollis,0,0,0
Lutreolina_crassicaudata,0,0,0
Lutrogale_perspicillata,0,0,0
Lycalopex_culpaeus,0,0,0
Lycaon_pictus,0,0,0
Lynx_canadensis,0,0,0
Lynx_lynx,0,0,0
Lynx_pardinus,0,0,0
Lynx_rufus,0,0,0
Macaca_arctoides,1,1,1
Macaca_assamensis,0,0,0
Macaca_cyclopis,0,0,0
Macaca_fascicularis,1,1,1
Macaca_fuscata,1,1,1
Macaca_leonina,0,0,0
Macaca_maura,1,1,1
Macaca_mulatta,1,1,1
Macaca_nemestrina,1,1,1
Macaca_nigra,1,1,1
Macaca_ochreata,0,0,0
Macaca_radiata,1,1,1
Macaca_silenus,1,1,1
Macaca_sinica,0,0,0
Macaca_sylvanus,1,1,1
Macaca_thibetana,0,1,1
Macaca_tonkeana,1,1,1
Macropus_agilis,0,1,1
Macropus_antilopinus,0,0,0
Macropus_dorsalis,0,0,0
Notamacropus_eugenii,0,0,1
Macropus_fuliginosus,0,1,1
Macropus_giganteus,1,1,1
Macropus_irma,0,0,0
Macropus_parryi,1,1,1
Osphranter_robustus,0,0,1
Notamacropus_rufogriseus,1,1,1
Osphranter_rufus,0,1,1
Macroscelides_proboscideus,0,0,0
Macrotis_lagotis,0,0,0
Macrotus_waterhousii,0,0,0
Madoqua_guentheri,0,0,0
Madoqua_kirkii,0,0,0
Makalata_didelphoides,0,0,0
Malacomys_edwardsi,0,0,0
Mandrillus_leucophaeus,0,0,0
Mandrillus_sphinx,1,1,1
Manis_crassicaudata,0,0,0
Manis_culionensis,0,0,0
Manis_javanica,0,0,0
Manis_pentadactyla,0,0,0
Marmosa_murina,0,0,0
Marmosa_robinsoni,0,0,0
Marmosops_fuscatus,0,0,0
Marmosops_noctivagus,0,0,0
Marmosops_parvidens,0,0,0
Marmosops_paulensis,0,0,0
Marmota_bobak,0,0,0
Marmota_caligata,1,0,1
Marmota_caudata,0,0,0
Marmota_flaviventris,1,0,1
Marmota_himalayana,0,0,0
Marmota_marmota,0,0,0
Marmota_monax,0,0,0
Marmota_olympus,1,0,1
Marmota_sibirica,0,0,0
Marmota_vancouverensis,0,0,0
Martes_americana,0,0,0
Martes_flavigula,0,0,0
Martes_foina,0,0,0
Martes_martes,1,1,1
Martes_melampus,0,0,0
Martes_pennanti,0,0,0
Martes_zibellina,0,0,0
Mastacomys_fuscus,0,0,0
Mastomys_erythroleucus,0,0,0
Mastomys_natalensis,0,0,0
Maxomys_surifer,0,0,0
Maxomys_whiteheadi,0,0,0
Mazama_americana,0,0,0
Mazama_gouazoubira,0,0,0
Mazama_pandora,0,0,0
Megaderma_lyra,0,0,0
Megaptera_novaeangliae,0,0,0
Meles_meles,0,0,0
Mellivora_capensis,0,0,0
Melogale_moschata,0,0,0
Melomys_cervinipes,0,0,0
Melursus_ursinus,0,0,0
Menetes_berdmorei,0,0,0
Mephitis_macroura,0,0,0
Mephitis_mephitis,0,0,0
Meriones_crassus,0,0,0
Meriones_hurrianae,0,0,0
Meriones_libycus,0,0,0
Meriones_meridianus,0,0,0
Meriones_persicus,0,0,0
Meriones_sacramenti,0,0,0
Meriones_tamariscinus,0,0,0
Meriones_tristrami,0,0,0
Meriones_unguiculatus,0,0,0
Mesechinus_dauuricus,0,0,0
Mesocricetus_auratus,1,0,1
Mesoplodon_densirostris,0,0,0
Mesoplodon_grayi,0,0,0
Mesoplodon_hectori,0,0,0
Mesoplodon_layardii,0,0,0
Metachirus_nudicaudatus,0,0,0
Micaelamys_namaquensis,0,0,0
Micoureus_demerarae,0,0,0
Micoureus_paraguayanus,0,0,0
Microcavia_australis,1,1,1
Microcebus_murinus,0,0,0
Microcebus_rufus,0,0,0
Micromys_minutus,0,0,0
Microtus_agrestis,0,0,0
Microtus_arvalis,0,0,0
Microtus_cabrerae,0,0,0
Microtus_californicus,0,0,0
Microtus_canicaudus,0,0,0
Microtus_duodecimcostatus,0,0,0
Microtus_fortis,0,0,0
Microtus_gregalis,0,0,0
Microtus_guentheri,0,0,0
Microtus_irani,0,0,0
Microtus_levis,0,0,0
Microtus_longicaudus,0,0,0
Microtus_lusitanicus,0,0,0
Microtus_mexicanus,0,0,0
Microtus_mongolicus,0,0,0
Microtus_montanus,0,0,0
Microtus_ochrogaster,0,0,0
Alexandromys_oeconomus,0,0,0
Microtus_oregoni,0,0,0
Microtus_pennsylvanicus,0,0,0
Microtus_pinetorum,0,0,0
Microtus_richardsoni,0,0,0
Microtus_socialis,0,0,0
Microtus_subterraneus,0,0,0
Microtus_thomasi,0,0,0
Microtus_townsendii,0,0,0
Microtus_xanthognathus,0,0,0
Millardia_meltada,0,0,0
Miniopterus_schreibersii,0,1,1
Miopithecus_ogouensis,0,0,0
Miopithecus_talapoin,1,1,1
Mirounga_angustirostris,1,1,1
Mirounga_leonina,0,0,0
Mirza_coquereli,0,0,0
Mogera_insularis,0,0,0
Mogera_wogura,0,0,0
Molossus_molossus,0,0,0
Molossus_rufus,0,0,0
Monachus_monachus,0,0,0
Monachus_schauinslandi,0,0,0
Monodelphis_americana,0,0,0
Monodelphis_brevicaudata,0,0,0
Monodelphis_dimidiata,0,0,0
Monodelphis_domestica,0,0,0
Mormoops_megalophylla,0,0,0
Mormopterus_acetabulosus,0,0,0
Moschiola_meminna,0,0,0
Moschus_chrysogaster,0,0,0
Moschus_cupreus,0,0,0
Moschus_fuscus,0,0,0
Moschus_moschiferus,0,0,0
Mungos_mungo,0,0,0
Mungotictis_decemlineata,0,0,0
Muntiacus_muntjak,1,1,1
Muntiacus_reevesi,0,1,1
Murexechinus_melanurus,0,0,0
Mus_booduga,0,0,0
Mus_bufo,0,0,0
Mus_macedonicus,0,0,0
Mus_minutoides,0,0,0
Mus_musculoides,0,0,0
Mus_musculus,1,1,1
Mus_platythrix,0,0,0
Mus_setulosus,0,0,0
Mus_spicilegus,0,0,0
Mus_spretus,0,0,0
Mus_triton,0,0,0
Muscardinus_avellanarius,0,0,0
Mustela_erminea,0,0,0
Mustela_eversmanii,0,0,0
Mustela_frenata,0,0,0
Mustela_kathiah,0,0,0
Mustela_lutreola,0,0,0
Mustela_nigripes,0,0,0
Mustela_nivalis,0,0,0
Mustela_putorius,0,0,0
Mustela_sibirica,0,0,0
Mustela_strigidorsa,0,0,0
Mydaus_javanensis,0,0,0
Mylomys_dybowskii,0,0,0
Myocastor_coypus,0,0,0
Myodes_californicus,0,0,0
Myodes_gapperi,0,0,0
Myodes_glareolus,0,0,0
Myodes_rufocanus,0,0,0
Myodes_rutilus,0,0,0
Myodes_smithii,0,0,0
Myomimus_setzeri,0,0,0
Myomyscus_verreauxii,0,0,0
Myoprocta_acouchy,0,0,0
Myoprocta_pratti,0,0,0
Myosciurus_pumilio,0,0,0
Myosorex_okuensis,0,0,0
Myosorex_varius,0,0,0
Myospalax_myospalax,0,0,0
Myotis_austroriparius,0,0,0
Myotis_bechsteinii,0,1,1
Myotis_blythii,0,0,0
Myotis_bocagii,0,0,0
Myotis_brandtii,0,0,0
Myotis_californicus,0,0,0
Myotis_capaccinii,0,1,1
Myotis_ciliolabrum,0,0,0
Myotis_dasycneme,0,0,0
Myotis_daubentonii,0,1,1
Myotis_evotis,0,0,0
Myotis_grisescens,0,0,0
Myotis_keenii,0,0,0
Myotis_lucifugus,0,1,1
Myotis_myotis,0,1,1
Myotis_mystacinus,0,1,1
Myotis_nattereri,0,1,1
Myotis_septentrionalis,0,0,0
Myotis_sodalis,0,0,0
Myotis_velifer,0,0,0
Myotis_volans,0,0,0
Myotis_yumanensis,0,0,0
Myrmecobius_fasciatus,0,0,0
Myrmecophaga_tridactyla,0,0,0
Mystacina_tuberculata,0,0,0
Naemorhedus_baileyi,0,0,0
Naemorhedus_goral,0,0,0
Nandinia_binotata,0,0,0
Nanger_dama,0,0,0
Nanger_granti,1,1,1
Nanger_soemmerringii,0,0,0
Napaeozapus_insignis,0,0,0
Nasalis_larvatus,1,1,1
Nasua_narica,0,0,0
Nasua_nasua,0,0,0
Nasuella_olivacea,0,0,0
Neacomys_guianae,0,0,0
Neacomys_tenuipes,0,0,0
Necromys_amoenus,0,0,0
Necromys_lasiurus,0,0,0
Necromys_urichi,0,0,0
Nectomys_rattus,0,0,0
Nectomys_squamipes,0,0,0
Neofelis_nebulosa,0,0,0
Neofiber_alleni,0,0,0
Neomys_anomalus,0,0,0
Neomys_fodiens,0,0,0
Neophoca_cinerea,1,1,1
Neophocaena_asiaorientalis,0,1,1
Neophocaena_phocaenoides,0,0,0
Neotoma_albigula,0,0,0
Neotoma_bryanti,0,0,0
Neotoma_cinerea,0,0,0
Neotoma_floridana,0,0,0
Neotoma_fuscipes,0,0,0
Neotoma_lepida,0,0,0
Neotoma_magister,0,0,0
Neotoma_mexicana,0,0,0
Neotoma_micropus,0,0,0
Neotomodon_alstoni,0,0,0
Neotragus_batesi,0,0,0
Neotragus_moschatus,0,0,0
Neovison_vison,0,0,0
Nesokia_indica,0,0,0
Nesotragus_moschatus,0,0,0
Neurotrichus_gibbsii,0,0,0
Nilgiritragus_hylocrius,0,0,0
Niviventer_cremoriventer,0,0,0
Nomascus_concolor,0,0,0
Nomascus_gabriellae,0,0,0
Nomascus_hainanus,0,0,0
Nomascus_leucogenys,0,0,0
Nomascus_siki,0,0,0
Notiosorex_crawfordi,0,0,0
Notomys_alexis,0,1,1
Notomys_cervinus,0,0,0
Notomys_mitchellii,0,0,0
Nyctalus_leisleri,0,1,1
Nyctalus_noctula,0,1,1
Nyctereutes_procyonoides,0,0,1
Nycticebus_coucang,0,0,0
Nycticebus_pygmaeus,0,0,0
Nycticeius_humeralis,0,0,0
Nyctimene_rabori,0,0,0
Nyctinomops_femorosaccus,0,0,0
Nyctinomops_macrotis,0,0,0
Ochotona_alpina,0,0,0
Ochotona_collaris,0,0,0
Ochotona_curzoniae,0,0,0
Ochotona_dauurica,0,0,0
Ochotona_hyperborea,0,0,0
Ochotona_macrotis,0,0,0
Ochotona_pallasi,0,0,0
Ochotona_princeps,0,0,0
Ochotona_pusilla,0,0,0
Ochotona_roylei,0,0,0
Ochotona_rufescens,0,0,0
Ochotona_rutila,0,0,0
Ochrotomys_nuttalli,0,0,0
Octodon_bridgesi,0,0,0
Octodon_degus,1,1,1
Octodon_lunatus,0,0,0
Odobenus_rosmarus,0,1,1
Odocoileus_hemionus,1,1,1
Odocoileus_virginianus,1,1,1
Oecomys_bicolor,0,0,0
Oecomys_concolor,0,0,0
Oecomys_paricola,0,0,0
Oenomys_hypoxanthus,0,0,0
Okapia_johnstoni,0,0,0
Oligoryzomys_eliurus,0,0,0
Oligoryzomys_flavescens,0,0,0
Oligoryzomys_fornesi,0,0,0
Oligoryzomys_fulvescens,0,0,0
Oligoryzomys_longicaudatus,0,0,0
Oligoryzomys_nigripes,0,0,0
Ommatophoca_rossii,0,0,0
Ondatra_zibethicus,0,0,0
Onychogalea_fraenata,0,0,0
Onychomys_leucogaster,0,0,0
Onychomys_torridus,0,0,0
Orcaella_brevirostris,0,0,0
Orcinus_orca,0,1,1
Oreamnos_americanus,0,0,0
Oreonax_flavicauda,0,0,0
Oreotragus_oreotragus,0,0,0
Ornithorhynchus_anatinus,0,0,0
Orthogeomys_hispidus,0,0,0
Orycteropus_afer,0,0,0
Oryctolagus_cuniculus,1,1,1
Oryx_beisa,0,0,0
Oryx_dammah,0,0,0
Oryx_gazella,0,0,0
Oryx_leucoryx,0,0,0
Oryzomys_couesi,0,0,0
Oryzomys_galapagoensis,0,0,0
Oryzomys_laticeps,0,0,0
Oryzomys_macconnelli,0,0,0
Oryzomys_megacephalus,0,0,0
Oryzomys_melanotis,0,0,0
Oryzomys_palustris,0,0,0
Oryzomys_subflavus,0,0,0
Osgoodomys_banderanus,0,0,0
Otaria_byronia,0,0,0
Otaria_flavescens,0,0,0
Otocolobus_manul,0,0,0
Otocyon_megalotis,0,0,0
Otolemur_crassicaudatus,0,0,0
Otolemur_garnettii,0,0,0
Otomys_angoniensis,0,0,0
Otomys_irroratus,0,0,0
Otomys_occidentalis,0,0,0
Otomys_orestes,0,0,0
Otomys_unisulcatus,0,0,0
Otonycteris_hemprichii,0,0,0
Ourebia_ourebi,0,0,0
Ovibos_moschatus,1,1,1
Ovis_ammon,0,1,1
Ovis_canadensis,1,1,1
Ovis_dalli,1,1,1
Ovis_musimom,1,1,1
Ovis_gmelini,1,1,1
Oxymycterus_delator,0,0,0
Oxymycterus_roberti,0,0,0
Oxymycterus_rufus,0,0,0
Ozotoceros_bezoarticus,0,1,1
Pagophilus_groenlandicus,0,0,0
Paguma_larvata,0,0,0
Pan_paniscus,1,1,1
Pan_troglodytes,1,1,1
Panthera_leo,1,1,1
Panthera_onca,0,0,0
Panthera_pardus,0,0,0
Panthera_tigris,0,0,0
Panthera_uncia,0,0,0
Pantholops_hodgsonii,0,0,0
Papio_anubis,1,1,1
Papio_cynocephalus,1,1,1
Papio_hamadryas,1,1,1
Papio_papio,0,1,1
Papio_ursinus,1,1,1
Pappogeomys_bulleri,0,0,0
Paradoxurus_hermaphroditus,0,0,0
Paraechinus_aethiopicus,0,0,0
Paraechinus_hypomelas,0,0,0
Paraechinus_micropus,0,0,0
Parantechinus_apicalis,0,0,0
Parascalops_breweri,0,0,0
Paraxerus_cepapi,1,1,1
Paraxerus_ochraceus,0,0,0
Paraxerus_palliatus,0,0,0
Paraxerus_poensis,0,0,0
Pardofelis_marmorata,0,0,0
Pardofelis_temminckii,0,0,0
Paruromys_dominator,0,0,0
Pecari_tajacu,1,1,1
Pedetes_capensis,0,0,0
Pelea_capreolus,0,0,0
Pelomys_fallax,0,0,0
Peponocephala_electra,0,0,0
Perameles_bougainville,0,0,0
Perameles_gunnii,0,0,0
Perameles_nasuta,0,0,0
Perodicticus_potto,0,0,0
Perognathus_fasciatus,0,0,0
Perognathus_flavescens,0,0,0
Perognathus_flavus,0,0,0
Perognathus_inornatus,0,0,0
Perognathus_longimembris,0,0,0
Perognathus_merriami,0,0,0
Perognathus_parvus,0,0,0
Peromyscus_attwateri,0,0,0
Peromyscus_aztecus,0,0,0
Peromyscus_boylii,0,0,0
Peromyscus_californicus,0,0,0
Peromyscus_crinitus,0,0,0
Peromyscus_difficilis,0,0,0
Peromyscus_eremicus,0,0,0
Peromyscus_gossypinus,0,0,0
Peromyscus_keeni,0,0,0
Peromyscus_leucopus,0,0,0
Peromyscus_maniculatus,0,0,0
Peromyscus_melanophrys,0,0,0
Peromyscus_melanotis,0,0,0
Peromyscus_perfulvus,0,0,0
Peromyscus_polionotus,0,0,0
Peromyscus_truei,0,0,0
Petaurillus_hosei,0,0,0
Petaurista_alborufus,0,0,0
Petaurista_petaurista,0,0,0
Petaurista_philippensis,0,0,0
Petauroides_volans,0,0,0
Petaurus_australis,0,0,0
Petaurus_breviceps,0,0,0
Petaurus_gracilis,0,0,0
Petaurus_norfolcensis,0,0,0
Petrodromus_tetradactylus,0,0,0
Petrogale_assimilis,0,0,0
Petrogale_lateralis,0,1,1
Petrogale_penicillata,0,0,0
Petrogale_persephone,0,0,0
Petrogale_xanthopus,1,0,1
Petromus_typicus,0,0,0
Petropseudes_dahli,0,0,0
Phacochoerus_aethiopicus,1,1,1
Phacochoerus_africanus,0,0,0
Phalanger_gymnotis,0,0,0
Phalanger_orientalis,0,0,0
Phaner_furcifer,0,0,0
Phascogale_tapoatafa,0,0,0
Phascolarctos_cinereus,1,1,1
Phascomurexia_naso,0,0,0
Phataginus_tricuspis,0,0,0
Phenacomys_intermedius,0,0,0
Philander_opossum,0,0,0
Philantomba_maxwellii,0,0,0
Philantomba_monticola,0,0,0
Phoca_groenlandica,0,0,0
Phoca_largha,1,0,1
Phoca_vitulina,1,1,1
Phocarctos_hookeri,1,1,1
Phocoena_dioptrica,0,0,0
Phocoena_phocoena,1,1,1
Phocoena_sinus,0,0,0
Phocoena_spinipinnis,0,0,0
Phocoenoides_dalli,0,0,0
Phodopus_campbelli,0,0,0
Phodopus_roborovskii,0,0,0
Phodopus_sungorus,0,0,0
Phyllonycteris_poeyi,0,0,0
Phyllostomus_hastatus,0,0,0
Phyllotis_darwini,0,0,0
Phyllotis_osilae,0,0,0
Phyllotis_xanthopygus,0,0,0
Physeter_macrocephalus,0,1,1
Piliocolobus_tephrosceles,0,0,0
Pipistrellus_hesperus,0,0,0
Pipistrellus_kuhlii,0,0,0
Pipistrellus_nanus,0,0,0
Pipistrellus_nathusii,0,0,0
Pipistrellus_pipistrellus,0,1,1
Pipistrellus_pygmaeus,0,0,0
Pipistrellus_savii,0,0,0
Pipistrellus_subflavus,0,0,0
Pithecia_albicans,0,0,0
Pithecia_irrorata,0,0,0
Pithecia_monachus,0,0,0
Pithecia_pithecia,0,0,0
Planigale_gilesi,0,0,0
Plecotus_auritus,0,1,1
Plecotus_austriacus,0,0,0
Poiana_richardsonii,0,0,0
Pongo_abelii,1,1,1
Pongo_pygmaeus,1,1,1
Potamochoerus_larvatus,0,0,0
Potamochoerus_porcus,0,0,0
Potorous_longipes,0,0,0
Potorous_tridactylus,0,0,0
Potos_flavus,0,0,0
Praomys_daltoni,0,0,0
Praomys_hartwigi,0,0,0
Praomys_tullbergi,0,0,0
Presbytis_comata,0,0,0
Presbytis_hosei,0,0,0
Presbytis_melalophos,0,0,0
Presbytis_potenciani,0,0,0
Presbytis_potenziani,0,0,0
Presbytis_rubicunda,0,0,0
Presbytis_thomasi,0,0,0
Priodontes_maximus,0,0,0
Prionailurus_bengalensis,0,0,0
Prionailurus_rubiginosus,0,0,0
Prionailurus_viverrinus,0,0,0
Prionodon_pardicolor,0,0,0
Procapra_gutturosa,0,0,0
Procavia_capensis,0,0,0
Piliocolobus_badius,0,0,1
Procolobus_rufomitratus,0,0,0
Procolobus_verus,0,0,0
Procyon_cancrivorus,0,0,0
Procyon_lotor,1,1,1
Proechimys_guairae,0,0,0
Proechimys_guyannensis,0,0,0
Proechimys_longicaudatus,0,0,0
Proechimys_semispinosus,0,0,0
Proechimys_simonsi,0,0,0
Pronolagus_crassicaudatus,0,0,0
Pronolagus_randensis,0,0,0
Pronolagus_rupestris,0,0,0
Propithecus_diadema,0,0,0
Propithecus_edwardsi,0,0,0
Propithecus_tattersalli,0,0,0
Propithecus_verreauxi,1,1,1
Proteles_cristata,0,0,0
Protoxerus_stangeri,0,0,0
Przewalskium_albirostris,0,0,0
Psammomys_obesus,0,0,0
Pseudalopex_culpaeus,0,0,0
Pseudalopex_griseus,0,0,0
Pseudalopex_gymnocercus,0,0,0
Pseudalopex_vetulus,0,0,0
Pseudocheirus_peregrinus,0,0,0
Pseudochirops_archeri,0,0,0
Pseudochirulus_cinereus,0,0,0
Pseudochirulus_herbertensis,0,0,0
Pseudois_nayaur,0,1,1
Pseudois_schaeferi,0,0,0
Pseudomys_albocinereus,0,1,1
Pseudomys_apodemoides,0,0,0
Pseudomys_desertor,0,0,0
Pseudomys_hermannsburgensis,0,0,0
Pseudomys_higginsi,0,0,0
Pseudomys_novaehollandiae,0,0,0
Pseudorca_crassidens,0,0,0
Pseudoryzomys_simplex,0,0,0
Pteromys_volans,0,0,0
Pteronotus_quadridens,0,0,0
Pteronura_brasiliensis,0,0,0
Pteropus_alecto,0,0,0
Pteropus_conspicillatus,0,0,0
Pteropus_dasymallus,0,0,0
Pteropus_giganteus,0,1,1
Pteropus_griseus,0,0,0
Pteropus_hypomelanus,0,0,0
Pteropus_livingstonii,1,1,1
Pteropus_mariannus,0,0,0
Pteropus_neohibernicus,0,0,0
Pteropus_niger,0,0,0
Pteropus_poliocephalus,1,1,1
Pteropus_pselaphon,0,1,1
Pteropus_rayneri,0,0,0
Pteropus_rodricensis,0,1,1
Pteropus_rufus,0,0,0
Pteropus_seychellensis,0,0,0
Pteropus_tonganus,0,0,0
Pteropus_vampyrus,0,0,0
Pudu_puda,0,1,1
Puma_concolor,1,0,1
Puma_yagouaroundi,0,0,0
Pusa_caspica,0,0,0
Pusa_hispida,0,0,0
Pusa_sibirica,0,0,0
Pygathrix_bieti,0,0,0
Pygathrix_nemaeus,0,0,0
Pygathrix_nigripes,0,0,0
Pygathrix_roxellana,0,0,0
Pygeretmus_pumilio,0,0,0
Rangifer_tarandus,1,1,1
Raphicerus_campestris,0,0,0
Raphicerus_melanotis,0,0,0
Raphicerus_sharpei,0,0,0
Rattus_andamanensis,0,0,0
Rattus_argentiventer,0,0,0
Rattus_everetti,0,0,0
Rattus_exulans,0,0,0
Rattus_fuscipes,0,0,0
Rattus_lutreolus,0,0,0
Rattus_norvegicus,1,1,1
Rattus_rattus,0,0,0
Rattus_tanezumi,0,0,0
Rattus_tiomanicus,0,0,0
Rattus_tunneyi,0,0,0
Rattus_villosissimus,0,0,0
Ratufa_affinis,0,0,0
Ratufa_bicolor,0,0,0
Ratufa_indica,0,0,0
Redunca_arundinum,0,0,0
Redunca_fulvorufula,0,0,0
Redunca_redunca,0,0,0
Reithrodon_auritus,0,0,0
Reithrodontomys_chrysopsis,0,0,0
Reithrodontomys_fulvescens,0,0,0
Reithrodontomys_humilis,0,0,0
Reithrodontomys_humulis,0,0,0
Reithrodontomys_megalotis,0,0,0
Reithrodontomys_montanus,0,0,0
Rhabdomys_pumilio,0,0,0
Rhinoceros_sondaicus,0,0,0
Rhinoceros_unicornis,1,0,1
Rhinolophus_ferrumequinum,0,1,1
Rhinolophus_hipposideros,0,1,1
Rhinolophus_pusillus,0,0,0
Rhinopithecus_bieti,0,0,0
Rhinopithecus_brelichi,0,0,0
Rhinopithecus_roxellana,1,1,1
Rhinopoma_microphyllum,0,0,0
Rhinosciurus_laticaudatus,0,0,0
Rhipidomys_mastacalis,0,0,0
Rhombomys_opimus,0,0,0
Rhynchocyon_chrysopygus,0,0,0
Rhynchocyon_cirnei,0,0,0
Rhynchocyon_petersi,0,0,0
Rhynchomys_isarogensis,0,0,0
Romerolagus_diazi,0,0,0
Rousettus_aegyptiacus,0,0,0
Rousettus_leschenaultii,0,0,0
Rousettus_madagascariensis,0,0,0
Rucervus_duvaucelii,1,1,1
Rucervus_eldii,0,0,0
Rupicapra_pyrenaica,0,1,1
Rupicapra_rupicapra,0,0,0
Rusa_timorensis,0,0,0
Rusa_unicolor,0,0,0
Saccostomus_campestris,0,0,0
Saccostomus_mearnsi,0,0,0
Saguinus_fuscicollis,1,1,1
Saguinus_geoffroyi,1,1,1
Saguinus_imperator,0,0,0
Saguinus_labiatus,0,0,0
Saguinus_leucopus,0,0,0
Saguinus_midas,1,0,1
Saguinus_mystax,1,1,1
Saguinus_nigricollis,0,0,0
Saguinus_oedipus,1,1,1
Saiga_tatarica,0,0,0
Saimiri_boliviensis,0,0,0
Saimiri_oerstedii,0,0,0
Saimiri_sciureus,1,1,1
Salpingotus_kozlovi,0,0,0
Sarcophilus_harrisii,0,0,1
Scalopus_aquaticus,0,0,0
Scapanus_latimanus,0,0,0
Scapanus_orarius,0,0,0
Sciurocheirus_alleni,0,0,0
Sciurus_aberti,0,0,0
Sciurus_aureogaster,0,0,0
Sciurus_carolinensis,1,1,1
Sciurus_deppei,0,0,0
Sciurus_granatensis,0,0,0
Sciurus_griseus,0,0,0
Sciurus_igniventris,0,0,0
Sciurus_niger,0,0,0
Sciurus_pucheranii,0,0,0
Sciurus_spadiceus,0,0,0
Sciurus_variegatoides,0,0,0
Sciurus_vulgaris,0,0,0
Scotophilus_kuhlii,0,0,0
Semnopithecus_ajax,0,0,0
Semnopithecus_entellus,1,1,1
Semnopithecus_priam,0,0,0
Setifer_setosus,0,0,0
Setonix_brachyurus,0,0,1
Sigmodon_alstoni,0,0,0
Sigmodon_fulviventer,0,0,0
Sigmodon_hispidus,0,0,0
Sigmodon_leucotis,0,0,0
Simias_concolor,0,0,0
Sminthopsis_crassicaudata,1,1,1
Sminthopsis_hirtipes,0,0,0
Sminthopsis_leucopus,0,0,0
Sminthopsis_macroura,0,0,0
Sminthopsis_murina,0,0,0
Sminthopsis_youngsoni,0,0,0
Smutsia_gigantea,0,0,0
Smutsia_temminckii,0,0,0
Sorex_araneus,0,0,0
Sorex_arcticus,0,0,0
Sorex_caecutiens,0,0,0
Sorex_cinereus,0,0,0
Sorex_coronatus,0,0,0
Sorex_fumeus,0,0,0
Sorex_hoyi,0,0,0
Sorex_isodon,0,0,0
Sorex_longirostris,0,0,0
Sorex_minutus,0,0,0
Sorex_monticolus,0,0,0
Sorex_oreopolus,0,0,0
Sorex_ornatus,0,0,0
Sorex_pacificus,0,0,0
Sorex_palustris,0,0,0
Sorex_trowbridgii,0,0,0
Sorex_unguiculatus,0,0,0
Sorex_vagrans,0,0,0
Sotalia_fluviatilis,0,0,0
Sousa_chinensis,0,0,0
Spalacopus_cyanus,0,0,0
Nannospalax_ehrenbergi,0,0,0
Spalax_leucodon,0,0,0
Speothos_venaticus,1,1,1
Spermophilus_armatus,0,0,0
Otospermophilus_beecheyi,0,0,0
Urocitellus_beldingi,0,0,0
Spermophilus_citellus,0,0,0
Urocitellus_columbianus,0,0,0
Spermophilus_elegans,0,0,0
Spermophilus_erythrogenys,0,0,0
Spermophilus_franklinii,0,0,0
Spermophilus_fulvus,0,0,0
Spermophilus_lateralis,0,0,0
Spermophilus_mohavensis,0,0,0
Spermophilus_mollis,0,0,0
Spermophilus_parryii,0,0,0
Spermophilus_pygmaeus,0,0,0
Spermophilus_relictus,0,0,0
Urocitellus_richardsonii,0,0,0
Spermophilus_spilosoma,0,0,0
Spermophilus_suslicus,0,0,0
Spermophilus_tereticaudus,0,0,0
Spermophilus_townsendii,0,0,0
Spermophilus_tridecemlineatus,0,0,0
Spermophilus_undulatus,0,0,0
Spermophilus_variegatus,0,0,0
Spermophilus_washingtoni,0,0,0
Sphiggurus_insidiosus,0,0,0
Spilocuscus_maculatus,0,0,0
Spilogale_gracilis,0,0,0
Spilogale_putorius,0,0,0
Steatomys_pratensis,0,0,0
Stenella_attenuata,0,0,0
Stenella_coeruleoalba,1,1,1
Stenella_frontalis,0,0,0
Stenella_longirostris,1,1,1
Stochomys_longicaudatus,0,0,0
Suncus_etruscus,0,0,0
Suncus_megalura,0,0,0
Suncus_murinus,0,1,1
Suncus_varilla,0,0,0
Sundamys_muelleri,0,0,0
Sundasciurus_hippurus,0,0,0
Sundasciurus_lowii,0,0,0
Sundasciurus_steerii,0,0,0
Sundasciurus_tenuis,0,0,0
Surdisorex_polulus,0,0,0
Suricata_suricatta,0,0,0
Sus_barbatus,0,0,0
Sus_celebensis,0,0,0
Sus_scrofa,0,0,0
Sylvicapra_grimmia,0,0,0
Sylvilagus_aquaticus,0,0,0
Sylvilagus_audubonii,0,0,0
Sylvilagus_bachmani,0,0,0
Sylvilagus_brasiliensis,0,0,0
Sylvilagus_cunicularius,0,0,0
Sylvilagus_floridanus,0,1,1
Sylvilagus_nuttallii,0,0,0
Sylvilagus_palustris,0,0,0
Sylvilagus_transitionalis,0,0,0
Sylvisorex_camerunensis,0,0,0
Sylvisorex_granti,0,0,0
Sylvisorex_lunaris,0,0,0
Symphalangus_syndactylus,0,1,1
Synaptomys_cooperi,0,0,0
Syncerus_caffer,1,1,1
Tachyglossus_aculeatus,0,0,0
Tachyoryctes_macrocephalus,0,0,0
Tachyoryctes_splendens,0,0,0
Tadarida_australis,0,0,0
Tadarida_brasiliensis,0,0,0
Tadarida_midas,0,0,0
Tadarida_plicata,0,0,0
Tadarida_teniotis,0,0,0
Talpa_caeca,0,0,0
Talpa_europaea,0,0,0
Talpa_occidentalis,0,0,0
Talpa_romana,0,0,0
Talpa_stankovici,0,0,0
Tamandua_mexicana,0,0,0
Tamandua_tetradactyla,0,0,0
Tamias_amoenus,0,0,0
Tamias_cinereicollis,0,0,0
Tamias_minimus,1,1,1
Tamias_quadrimaculatus,0,0,0
Tamias_senex,0,0,0
Tamias_sibiricus,0,0,0
Tamias_speciosus,0,0,0
Tamias_striatus,0,0,0
Tamias_townsendii,0,0,0
Tamias_umbrinus,0,0,0
Tamiasciurus_douglasii,0,1,1
Tamiasciurus_hudsonicus,1,1,1
Tamiasciurus_mearnsi,0,0,0
Tamiops_macclellandii,0,0,0
Taphozous_nudiventris,0,0,0
Tapirus_bairdii,0,0,0
Tapirus_indicus,0,0,0
Tapirus_pinchaque,0,0,0
Tapirus_terrestris,0,0,0
Tarsipes_rostratus,0,0,0
Tarsius_bancanus,0,0,0
Tarsius_dentatus,0,0,0
Tarsius_pumilus,0,0,0
Tarsius_syrichta,0,0,0
Tarsius_tarsier,0,0,0
Tatera_indica,0,0,0
Taterillus_gracilis,0,0,0
Taterillus_pygargus,0,0,0
Taurotragus_derbianus,0,0,0
Taxidea_taxus,0,0,0
Tayassu_pecari,1,1,1
Tenrec_ecaudatus,0,0,0
Tetracerus_quadricornis,0,0,0
Thallomys_paedulcus,0,0,0
Thalpomys_cerradensis,0,0,0
Thalpomys_lasiotis,0,0,0
Theropithecus_gelada,1,1,1
Thomomys_bottae,0,0,0
Thomomys_mazama,0,0,0
Thomomys_monticola,0,0,0
Thomomys_talpoides,0,0,0
Thomomys_townsendii,0,0,0
Thrichomys_apereoides,0,0,0
Thryonomys_gregorianus,0,0,0
Thryonomys_swinderianus,0,0,0
Thylamys_elegans,0,0,0
Thylamys_pusillus,0,0,0
Thylamys_velutinus,0,0,0
Thylogale_billardierii,0,0,0
Thylogale_stigmatica,0,0,0
Thylogale_thetis,0,0,0
Tlacuatzin_canescens,0,0,0
Tolypeutes_matacus,0,0,0
Trachypithecus_auratus,0,0,0
Trachypithecus_cristatus,0,0,0
Trachypithecus_delacouri,0,0,0
Trachypithecus_francoisi,1,0,1
Trachypithecus_geei,0,0,0
Trachypithecus_johnii,1,1,1
Trachypithecus_obscurus,0,0,0
Trachypithecus_phayrei,0,0,0
Trachypithecus_pileatus,0,0,0
Trachypithecus_poliocephalus,0,0,0
Trachypithecus_shortridgei,0,0,0
Trachypithecus_vetulus,0,0,0
Tragelaphus_angasii,0,0,0
Tragelaphus_buxtoni,0,0,0
Tragelaphus_eurycerus,0,0,0
Tragelaphus_imberbis,0,0,0
Tragelaphus_oryx,0,0,0
Tragelaphus_scriptus,0,0,0
Tragelaphus_spekii,0,0,0
Tragelaphus_strepsiceros,0,0,0
Tragulus_javanicus,0,0,0
Tragulus_napu,0,0,0
Tragulus_nigricans,0,0,0
Tremarctos_ornatus,0,0,0
Triaenops_rufus,0,0,0
Trichechus_manatus,0,1,1
Trichechus_senegalensis,0,0,0
Trichosurus_arnhemensis,0,0,0
Trichosurus_caninus,0,0,0
Trichosurus_vulpecula,0,1,1
Trinomys_iheringi,0,0,0
Trinomys_paratus,0,0,0
Tscherskia_triton,0,0,0
Tupaia_belangeri,1,1,1
Tupaia_glis,1,0,1
Tupaia_gracilis,1,0,1
Tupaia_javanica,0,0,0
Tupaia_longipes,1,0,1
Tupaia_minor,0,0,0
Tupaia_montana,1,0,1
Tupaia_palawanensis,0,0,0
Tupaia_tana,1,1,1
Tursiops_aduncus,1,1,1
Tursiops_gilli,1,1,1
Tursiops_truncatus,1,1,1
Uncia_uncia,0,0,0
Uranomys_ruddi,0,0,0
Urocyon_cinereoargenteus,0,0,0
Urocyon_littoralis,0,0,0
Uromanis_tetradactyla,0,0,0
Urotrichus_talpoides,0,0,0
Ursus_americanus,1,1,1
Ursus_arctos,1,1,1
Ursus_maritimus,0,0,1
Ursus_thibetanus,0,0,0
Varecia_rubra,1,0,1
Varecia_variegata,1,1,1
Vespertilio_murinus,0,0,0
Vicugna_vicugna,1,0,1
Viverra_civettina,0,0,0
Viverra_zibetha,0,0,0
Viverricula_indica,0,0,0
Vombatus_ursinus,0,0,0
Vulpes_bengalensis,0,0,0
Vulpes_cana,0,0,0
Vulpes_chama,0,0,0
Vulpes_corsac,0,0,0
Vulpes_macrotis,0,0,0
Vulpes_pallida,0,0,0
Vulpes_rueppellii,0,0,0
Vulpes_velox,0,0,0
Vulpes_vulpes,1,1,1
Vulpes_zerda,0,0,0
Wallabia_bicolor,0,1,1
Wyulda_squamicaudata,0,0,0
Xerus_erythropus,0,0,0
Xerus_inauris,0,0,0
Xerus_rutilus,0,0,0
Zaedyus_pichiy,0,0,0
Zaglossus_bruijni,0,0,0
Zalophus_californianus,0,1,1
Zalophus_wollebaeki,0,0,0
Zapus_hudsonius,0,0,0
Zapus_princeps,0,0,0
Zapus_trinotatus,0,0,0
Zelotomys_hildegardeae,0,0,0
Ziphius_cavirostris,0,0,0
Zygodontomys_brevicauda,0,0,0
Zyzomys_argurus,0,0,0